reaction_id,cluster,metric,value
DM_no3_c,1,minimum,0.0
DM_no3_c,1,maximum,1.113976239827962
DM_no3_c,1,mean_range,-8.134177092572897e-14
DM_no3_c,1,mean_midpoint,0.625558966873822
DM_no3_c,1,median_range,-9.303668946358812e-14
DM_no3_c,1,median_midpoint,0.6506351394852627
DM_no3_c,1,std_range,2.1789786801105735e-13
DM_no3_c,1,frac_fixed,1.0
DM_no3_c,1,frac_variable,0.0
DM_no3_c,1,frac_bidirectional,0.0
DM_no3_c,2,minimum,0.0
DM_no3_c,2,maximum,2.0
DM_no3_c,2,mean_range,1.0
DM_no3_c,2,mean_midpoint,0.5
DM_no3_c,2,median_range,1.0
DM_no3_c,2,median_midpoint,0.5
DM_no3_c,2,std_range,0.5887840577551898
DM_no3_c,2,frac_fixed,0.0196078431372549
DM_no3_c,2,frac_variable,0.9803921568627451
DM_no3_c,2,frac_bidirectional,0.0
DM_no3_c,3,minimum,0.0
DM_no3_c,3,maximum,0.0
DM_no3_c,3,mean_range,0.0
DM_no3_c,3,mean_midpoint,0.0
DM_no3_c,3,median_range,0.0
DM_no3_c,3,median_midpoint,0.0
DM_no3_c,3,std_range,0.0
DM_no3_c,3,frac_fixed,1.0
DM_no3_c,3,frac_variable,0.0
DM_no3_c,3,frac_bidirectional,0.0
DM_no3_c,4,minimum,0.0
DM_no3_c,4,maximum,0.0
DM_no3_c,4,mean_range,0.0
DM_no3_c,4,mean_midpoint,0.0
DM_no3_c,4,median_range,0.0
DM_no3_c,4,median_midpoint,0.0
DM_no3_c,4,std_range,0.0
DM_no3_c,4,frac_fixed,1.0
DM_no3_c,4,frac_variable,0.0
DM_no3_c,4,frac_bidirectional,0.0
DM_no3_c,5,minimum,0.0
DM_no3_c,5,maximum,0.0
DM_no3_c,5,mean_range,0.0
DM_no3_c,5,mean_midpoint,0.0
DM_no3_c,5,median_range,0.0
DM_no3_c,5,median_midpoint,0.0
DM_no3_c,5,std_range,0.0
DM_no3_c,5,frac_fixed,1.0
DM_no3_c,5,frac_variable,0.0
DM_no3_c,5,frac_bidirectional,0.0
DM_no3_c,6,minimum,0.0
DM_no3_c,6,maximum,1.9814127027895456
DM_no3_c,6,mean_range,0.9562204963558529
DM_no3_c,6,mean_midpoint,0.48609931762421443
DM_no3_c,6,median_range,0.9724921641633173
DM_no3_c,6,median_midpoint,0.48624608208165865
DM_no3_c,6,std_range,0.5454969675383531
DM_no3_c,6,frac_fixed,0.01199400299850075
DM_no3_c,6,frac_variable,0.9880059970014993
DM_no3_c,6,frac_bidirectional,0.0
DM_no3_c,7,minimum,0.0
DM_no3_c,7,maximum,1.1449843283262018
DM_no3_c,7,mean_range,0.19873343267168636
DM_no3_c,7,mean_midpoint,0.5737515580970683
DM_no3_c,7,median_range,0.19731645569634537
DM_no3_c,7,median_midpoint,0.5792020944070564
DM_no3_c,7,std_range,0.09586749870523298
DM_no3_c,7,frac_fixed,0.0
DM_no3_c,7,frac_variable,1.0
DM_no3_c,7,frac_bidirectional,0.0
DM_no3_c,8,minimum,0.0
DM_no3_c,8,maximum,1.275095408798498
DM_no3_c,8,mean_range,0.41960614167564547
DM_no3_c,8,mean_midpoint,0.5261828366322722
DM_no3_c,8,median_range,0.4373164556962529
DM_no3_c,8,median_midpoint,0.49633600425111246
DM_no3_c,8,std_range,0.17605210010861122
DM_no3_c,8,frac_fixed,0.0
DM_no3_c,8,frac_variable,1.0
DM_no3_c,8,frac_bidirectional,0.0
DM_no3_c,9,minimum,0.0
DM_no3_c,9,maximum,1.516730272532164
DM_no3_c,9,mean_range,0.6911476337544905
DM_no3_c,9,mean_midpoint,0.4750559475983345
DM_no3_c,9,median_range,0.7460962025317208
DM_no3_c,9,median_midpoint,0.42775861081381494
DM_no3_c,9,std_range,0.3426246224046067
DM_no3_c,9,frac_fixed,0.0
DM_no3_c,9,frac_variable,1.0
DM_no3_c,9,frac_bidirectional,0.0
NITR_c,1,minimum,0.6293648605143533
NITR_c,1,maximum,0.8860237601724779
NITR_c,1,mean_range,-6.266952768695634e-14
NITR_c,1,mean_midpoint,0.6512924107270773
NITR_c,1,median_range,8.115730310009894e-14
NITR_c,1,median_midpoint,0.629364860515025
NITR_c,1,std_range,5.380135476667808e-13
NITR_c,1,frac_fixed,1.0
NITR_c,1,frac_variable,0.0
NITR_c,1,frac_bidirectional,0.0
NITR_c,2,minimum,0.0
NITR_c,2,maximum,2.0
NITR_c,2,mean_range,1.0
NITR_c,2,mean_midpoint,0.5
NITR_c,2,median_range,1.0
NITR_c,2,median_midpoint,0.5
NITR_c,2,std_range,0.5887840577551898
NITR_c,2,frac_fixed,0.0196078431372549
NITR_c,2,frac_variable,0.9803921568627451
NITR_c,2,frac_bidirectional,0.0
NITR_c,3,minimum,0.0
NITR_c,3,maximum,0.2018570246780704
NITR_c,3,mean_range,8.132771417097432e-14
NITR_c,3,mean_midpoint,0.10577211322891993
NITR_c,3,median_range,1.1129985821867194e-14
NITR_c,3,median_midpoint,0.10892053862655388
NITR_c,3,std_range,4.0059801894089383e-13
NITR_c,3,frac_fixed,1.0
NITR_c,3,frac_variable,0.0
NITR_c,3,frac_bidirectional,0.0
NITR_c,4,minimum,0.5736029688845045
NITR_c,4,maximum,0.6107775633046482
NITR_c,4,mean_range,-4.8377968298041196e-14
NITR_c,4,mean_midpoint,0.594142699570786
NITR_c,4,median_range,5.773159728050814e-15
NITR_c,4,median_midpoint,0.5960951330471036
NITR_c,4,std_range,2.5534777641356144e-13
NITR_c,4,frac_fixed,1.0
NITR_c,4,frac_variable,0.0
NITR_c,4,frac_bidirectional,0.0
NITR_c,5,minimum,0.22044432188842614
NITR_c,5,maximum,0.56
NITR_c,5,mean_range,1.2173892846182152e-13
NITR_c,5,mean_midpoint,0.3916739263870871
NITR_c,5,median_range,-1.587618925213974e-14
NITR_c,5,median_midpoint,0.39386499839026645
NITR_c,5,std_range,5.128722496439521e-13
NITR_c,5,frac_fixed,1.0
NITR_c,5,frac_variable,0.0
NITR_c,5,frac_bidirectional,0.0
NITR_c,6,minimum,0.0
NITR_c,6,maximum,2.0
NITR_c,6,mean_range,0.9562204963558766
NITR_c,6,mean_midpoint,0.5343204724807212
NITR_c,6,median_range,0.9724921641634409
NITR_c,6,median_midpoint,0.5365793234978422
NITR_c,6,std_range,0.5454969675383501
NITR_c,6,frac_fixed,0.01199400299850075
NITR_c,6,frac_variable,0.9880059970014993
NITR_c,6,frac_bidirectional,0.0
NITR_c,7,minimum,0.5736029688832455
NITR_c,7,maximum,0.9408688362308288
NITR_c,7,mean_range,0.19873343267186383
NITR_c,7,mean_midpoint,0.7199627276171175
NITR_c,7,median_range,0.19731645569528977
NITR_c,7,median_midpoint,0.7208484939424367
NITR_c,7,std_range,0.09586749870526458
NITR_c,7,frac_fixed,0.0
NITR_c,7,frac_variable,1.0
NITR_c,7,frac_bidirectional,0.0
NITR_c,8,minimum,0.4434918884099639
NITR_c,8,maximum,1.1710007937334026
NITR_c,8,mean_range,0.4196061416756701
NITR_c,8,mean_midpoint,0.7390959737766185
NITR_c,8,median_range,0.4373164556962743
NITR_c,8,median_midpoint,0.7622309506708769
NITR_c,8,std_range,0.17605210010859113
NITR_c,8,frac_fixed,0.0
NITR_c,8,frac_variable,1.0
NITR_c,8,frac_bidirectional,0.0
NITR_c,9,minimum,0.22044432188761126
NITR_c,9,maximum,1.5983887148096925
NITR_c,9,mean_range,0.6911476337545047
NITR_c,9,mean_midpoint,0.693274111340769
NITR_c,9,median_range,0.7460962025316291
NITR_c,9,median_midpoint,0.745984052575128
NITR_c,9,std_range,0.34262462240464253
NITR_c,9,frac_fixed,0.0
NITR_c,9,frac_variable,1.0
NITR_c,9,frac_bidirectional,0.0
ATPS_m,1,minimum,24.94614687223124
ATPS_m,1,maximum,399.29556588220044
ATPS_m,1,mean_range,372.58507175684207
ATPS_m,1,mean_midpoint,212.69095762281282
ATPS_m,1,median_range,372.42025434718556
ATPS_m,1,median_midpoint,212.7442139250387
ATPS_m,1,std_range,0.44556799680088405
ATPS_m,1,frac_fixed,0.0
ATPS_m,1,frac_variable,1.0
ATPS_m,1,frac_bidirectional,0.0
ATPS_m,2,minimum,-8.011953487111521
ATPS_m,2,maximum,459.6275662049741
ATPS_m,2,mean_range,467.63951969208244
ATPS_m,2,mean_midpoint,225.80780635892984
ATPS_m,2,median_range,467.63951969208244
ATPS_m,2,median_midpoint,225.80780635892987
ATPS_m,2,std_range,6.259864818162634e-13
ATPS_m,2,frac_fixed,0.0
ATPS_m,2,frac_variable,1.0
ATPS_m,2,frac_bidirectional,1.0
ATPS_m,3,minimum,-4.619300200230998
ATPS_m,3,maximum,441.80967147976287
ATPS_m,3,mean_range,438.0304726749617
ATPS_m,3,mean_midpoint,215.59209649593888
ATPS_m,3,median_range,437.7804819471346
ATPS_m,3,median_midpoint,215.50270618460473
ATPS_m,3,std_range,4.9591129048398015
ATPS_m,3,frac_fixed,0.0
ATPS_m,3,frac_variable,1.0
ATPS_m,3,frac_bidirectional,1.0
ATPS_m,4,minimum,2.266659877750787
ATPS_m,4,maximum,402.7513346050114
ATPS_m,4,mean_range,393.4498845804492
ATPS_m,4,mean_midpoint,204.62778079426977
ATPS_m,4,median_range,394.3276407073854
ATPS_m,4,median_midpoint,204.05595571241275
ATPS_m,4,std_range,5.948139457402207
ATPS_m,4,frac_fixed,0.0
ATPS_m,4,frac_variable,1.0
ATPS_m,4,frac_bidirectional,0.0
ATPS_m,5,minimum,-2.1263296894678048
ATPS_m,5,maximum,426.79896014539827
ATPS_m,5,mean_range,415.3108550553208
ATPS_m,5,mean_midpoint,207.4839981692889
ATPS_m,5,median_range,415.1553713318574
ATPS_m,5,median_midpoint,207.41254340362212
ATPS_m,5,std_range,8.164059316259223
ATPS_m,5,frac_fixed,0.0
ATPS_m,5,frac_variable,1.0
ATPS_m,5,frac_bidirectional,0.5714285714285714
ATPS_m,6,minimum,-7.801752637201007
ATPS_m,6,maximum,458.52361118859096
ATPS_m,6,mean_range,449.17788232608876
ATPS_m,6,mean_midpoint,219.45172853490197
ATPS_m,6,median_range,449.24133756372214
ATPS_m,6,median_midpoint,219.55152719357056
ATPS_m,6,std_range,10.6374419582726
ATPS_m,6,frac_fixed,0.0
ATPS_m,6,frac_variable,1.0
ATPS_m,6,frac_bidirectional,1.0
ATPS_m,7,minimum,1.9443073915404683
ATPS_m,7,maximum,402.79899910710947
ATPS_m,7,mean_range,393.4312479071755
ATPS_m,7,mean_midpoint,204.69113788294123
ATPS_m,7,median_range,396.8989100123102
ATPS_m,7,median_midpoint,203.03621509670504
ATPS_m,7,std_range,7.207553748180332
ATPS_m,7,frac_fixed,0.0
ATPS_m,7,frac_variable,1.0
ATPS_m,7,frac_bidirectional,0.0
ATPS_m,8,minimum,0.18587965960564556
ATPS_m,8,maximum,412.70265062202424
ATPS_m,8,mean_range,406.7703505492989
ATPS_m,8,mean_midpoint,204.40140052332904
ATPS_m,8,median_range,406.78730955423856
ATPS_m,8,median_midpoint,204.42033783638885
ATPS_m,8,std_range,3.054005893548143
ATPS_m,8,frac_fixed,0.0
ATPS_m,8,frac_variable,1.0
ATPS_m,8,frac_bidirectional,0.0
ATPS_m,9,minimum,-2.546731389300237
ATPS_m,9,maximum,427.0682891496872
ATPS_m,9,mean_range,421.00727254865313
ATPS_m,9,mean_midpoint,209.46671688363665
ATPS_m,9,median_range,421.54596307467017
ATPS_m,9,median_midpoint,209.6976560974458
ATPS_m,9,std_range,5.088877110596118
ATPS_m,9,frac_fixed,0.0
ATPS_m,9,frac_variable,1.0
ATPS_m,9,frac_bidirectional,0.93713163064833
SO4t_e,1,minimum,-748.197469854619
SO4t_e,1,maximum,-6.2905015833599265
SO4t_e,1,mean_range,740.5832856950678
SO4t_e,1,mean_midpoint,-376.65035437494635
SO4t_e,1,median_range,740.4596332037419
SO4t_e,1,median_midpoint,-376.59489999642636
SO4t_e,1,std_range,0.3342826038510441
SO4t_e,1,frac_fixed,0.0
SO4t_e,1,frac_variable,1.0
SO4t_e,1,frac_bidirectional,0.0
SO4t_e,2,minimum,-804.6220800693908
SO4t_e,2,maximum,2.500000000000341
SO4t_e,2,mean_range,807.12208006939
SO4t_e,2,mean_midpoint,-401.06104003469505
SO4t_e,2,median_range,807.1220800693898
SO4t_e,2,median_midpoint,-401.0610400346949
SO4t_e,2,std_range,3.5738832957275727e-13
SO4t_e,2,frac_fixed,0.0
SO4t_e,2,frac_variable,1.0
SO4t_e,2,frac_bidirectional,1.0
SO4t_e,3,minimum,-791.7267584887578
SO4t_e,3,maximum,1.1877970514143499
SO4t_e,3,mean_range,787.1913941318587
SO4t_e,3,mean_midpoint,-392.97632039059954
SO4t_e,3,median_range,787.0210378235429
SO4t_e,3,median_midpoint,-392.90806190547244
SO4t_e,3,std_range,3.379390005222505
SO4t_e,3,frac_fixed,0.0
SO4t_e,3,frac_variable,1.0
SO4t_e,3,frac_bidirectional,1.0
SO4t_e,4,minimum,-763.7368562940758
SO4t_e,4,maximum,-5.497178390881426
SO4t_e,4,mean_range,754.9215263506132
SO4t_e,4,mean_midpoint,-383.2776318513596
SO4t_e,4,median_range,755.0838955695635
SO4t_e,4,median_midpoint,-383.3892050781142
SO4t_e,4,std_range,2.5681659892077184
SO4t_e,4,frac_fixed,0.0
SO4t_e,4,frac_variable,1.0
SO4t_e,4,frac_bidirectional,0.0
SO4t_e,5,minimum,-780.9835355666604
SO4t_e,5,maximum,-0.022485045974034404
SO4t_e,5,mean_range,769.9722258198806
SO4t_e,5,mean_midpoint,-387.6524469302146
SO4t_e,5,median_range,769.8323321969688
SO4t_e,5,median_midpoint,-387.6158159375359
SO4t_e,5,std_range,6.585984036645063
SO4t_e,5,frac_fixed,0.0
SO4t_e,5,frac_variable,1.0
SO4t_e,5,frac_bidirectional,0.0
SO4t_e,6,minimum,-803.823116153259
SO4t_e,6,maximum,2.4186989793165594
SO4t_e,6,mean_range,794.7040152476931
SO4t_e,6,mean_midpoint,-396.02010377122406
SO4t_e,6,median_range,794.7983709538622
SO4t_e,6,median_midpoint,-396.0373997665248
SO4t_e,6,std_range,7.184268212382606
SO4t_e,6,frac_fixed,0.0
SO4t_e,6,frac_variable,1.0
SO4t_e,6,frac_bidirectional,0.9992503748125937
SO4t_e,7,minimum,-763.8733998149015
SO4t_e,7,maximum,-5.487876722988055
SO4t_e,7,mean_range,754.8346147372415
SO4t_e,7,mean_midpoint,-383.2221795541924
SO4t_e,7,median_range,756.0959235971588
SO4t_e,7,median_midpoint,-383.83444185735743
SO4t_e,7,std_range,3.3899179785840317
SO4t_e,7,frac_fixed,0.0
SO4t_e,7,frac_variable,1.0
SO4t_e,7,frac_bidirectional,0.0
SO4t_e,8,minimum,-770.9042859405872
SO4t_e,8,maximum,-3.222765047753576
SO4t_e,8,mean_range,763.0458694009923
SO4t_e,8,mean_midpoint,-385.8695599697397
SO4t_e,8,median_range,763.0559507208791
SO4t_e,8,median_midpoint,-385.86794707975525
SO4t_e,8,std_range,2.4369597871381727
SO4t_e,8,frac_fixed,0.0
SO4t_e,8,frac_variable,1.0
SO4t_e,8,frac_bidirectional,0.0
SO4t_e,9,minimum,-781.3002173168526
SO4t_e,9,maximum,-0.022485045969421212
SO4t_e,9,mean_range,774.5465053600021
SO4t_e,9,mean_midpoint,-388.83776180904107
SO4t_e,9,median_range,775.0073761507595
SO4t_e,9,median_midpoint,-388.950643115785
SO4t_e,9,std_range,4.118425556581695
SO4t_e,9,frac_fixed,0.0
SO4t_e,9,frac_variable,1.0
SO4t_e,9,frac_bidirectional,0.0
NAHCO3CLt_e,1,minimum,3.5993920012053287
NAHCO3CLt_e,1,maximum,9.020043374639995
NAHCO3CLt_e,1,mean_range,4.9999999999998215
NAHCO3CLt_e,1,mean_midpoint,6.484105193165654
NAHCO3CLt_e,1,median_range,5.000000000000013
NAHCO3CLt_e,1,median_midpoint,6.520043374639192
NAHCO3CLt_e,1,std_range,1.1052875449778194e-12
NAHCO3CLt_e,1,frac_fixed,0.0
NAHCO3CLt_e,1,frac_variable,1.0
NAHCO3CLt_e,1,frac_bidirectional,0.0
NAHCO3CLt_e,2,minimum,0.0
NAHCO3CLt_e,2,maximum,20.0
NAHCO3CLt_e,2,mean_range,20.0
NAHCO3CLt_e,2,mean_midpoint,10.0
NAHCO3CLt_e,2,median_range,20.0
NAHCO3CLt_e,2,median_midpoint,10.0
NAHCO3CLt_e,2,std_range,0.0
NAHCO3CLt_e,2,frac_fixed,0.0
NAHCO3CLt_e,2,frac_variable,1.0
NAHCO3CLt_e,2,frac_bidirectional,0.0
NAHCO3CLt_e,3,minimum,0.0
NAHCO3CLt_e,3,maximum,20.0
NAHCO3CLt_e,3,mean_range,18.412400504505165
NAHCO3CLt_e,3,mean_midpoint,9.206200252252582
NAHCO3CLt_e,3,median_range,18.378540603828288
NAHCO3CLt_e,3,median_midpoint,9.189270301914144
NAHCO3CLt_e,3,std_range,1.0875271597723664
NAHCO3CLt_e,3,frac_fixed,0.0
NAHCO3CLt_e,3,frac_variable,1.0
NAHCO3CLt_e,3,frac_bidirectional,0.0
NAHCO3CLt_e,4,minimum,3.4788407721604226
NAHCO3CLt_e,4,maximum,10.022739506338354
NAHCO3CLt_e,4,mean_range,5.975208123438941
NAHCO3CLt_e,4,mean_midpoint,6.6657952392684585
NAHCO3CLt_e,4,median_range,5.921150424092993
NAHCO3CLt_e,4,median_midpoint,6.657715927490666
NAHCO3CLt_e,4,std_range,0.37575287267109564
NAHCO3CLt_e,4,frac_fixed,0.0
NAHCO3CLt_e,4,frac_variable,1.0
NAHCO3CLt_e,4,frac_bidirectional,0.0
NAHCO3CLt_e,5,minimum,0.05122428979825984
NAHCO3CLt_e,5,maximum,16.373148340431925
NAHCO3CLt_e,5,mean_range,11.581030908247639
NAHCO3CLt_e,5,mean_midpoint,7.50362575362722
NAHCO3CLt_e,5,median_range,11.520365941663659
NAHCO3CLt_e,5,median_midpoint,7.494558938262596
NAHCO3CLt_e,5,std_range,2.8363721772860138
NAHCO3CLt_e,5,frac_fixed,0.0
NAHCO3CLt_e,5,frac_variable,1.0
NAHCO3CLt_e,5,frac_bidirectional,0.0
NAHCO3CLt_e,6,minimum,0.0
NAHCO3CLt_e,6,maximum,20.0
NAHCO3CLt_e,6,mean_range,19.350912797503494
NAHCO3CLt_e,6,mean_midpoint,9.675456398751747
NAHCO3CLt_e,6,median_range,20.0
NAHCO3CLt_e,6,median_midpoint,10.0
NAHCO3CLt_e,6,std_range,1.0448208399367214
NAHCO3CLt_e,6,frac_fixed,0.0
NAHCO3CLt_e,6,frac_variable,1.0
NAHCO3CLt_e,6,frac_bidirectional,0.0
NAHCO3CLt_e,7,minimum,3.2984399046676782
NAHCO3CLt_e,7,maximum,10.022739506339764
NAHCO3CLt_e,7,mean_range,5.982733694996955
NAHCO3CLt_e,7,mean_midpoint,6.62311883115338
NAHCO3CLt_e,7,median_range,6.029265822784517
NAHCO3CLt_e,7,median_midpoint,6.6738745510454525
NAHCO3CLt_e,7,std_range,0.4309191276783749
NAHCO3CLt_e,7,frac_fixed,0.0
NAHCO3CLt_e,7,frac_variable,1.0
NAHCO3CLt_e,7,frac_bidirectional,0.0
NAHCO3CLt_e,8,minimum,2.035633832218208
NAHCO3CLt_e,8,maximum,12.616595857536616
NAHCO3CLt_e,8,mean_range,8.57556820855477
NAHCO3CLt_e,8,mean_midpoint,7.006795200344362
NAHCO3CLt_e,8,median_range,8.602430379746195
NAHCO3CLt_e,8,median_midpoint,7.012283668470008
NAHCO3CLt_e,8,std_range,1.0553594332846656
NAHCO3CLt_e,8,frac_fixed,0.0
NAHCO3CLt_e,8,frac_variable,1.0
NAHCO3CLt_e,8,frac_bidirectional,0.0
NAHCO3CLt_e,9,minimum,0.0
NAHCO3CLt_e,9,maximum,16.37314834043338
NAHCO3CLt_e,9,mean_range,13.528551441532871
NAHCO3CLt_e,9,mean_midpoint,7.752950946173108
NAHCO3CLt_e,9,median_range,13.748759493669047
NAHCO3CLt_e,9,median_midpoint,7.750692785894155
NAHCO3CLt_e,9,std_range,1.774666238414059
NAHCO3CLt_e,9,frac_fixed,0.0
NAHCO3CLt_e,9,frac_variable,1.0
NAHCO3CLt_e,9,frac_bidirectional,0.0
PIt_e,1,minimum,4.274140597915249
PIt_e,1,maximum,243.82062651541358
PIt_e,1,mean_range,238.08328569506716
PIt_e,1,mean_midpoint,123.32770307963354
PIt_e,1,median_range,237.95963320373625
PIt_e,1,median_midpoint,123.25395719978457
PIt_e,1,std_range,0.33428260385517733
PIt_e,1,frac_fixed,0.0
PIt_e,1,frac_variable,1.0
PIt_e,1,frac_bidirectional,0.0
PIt_e,2,minimum,-0.22
PIt_e,2,maximum,304.6220800693903
PIt_e,2,mean_range,304.84208006938985
PIt_e,2,mean_midpoint,152.2010400346949
PIt_e,2,median_range,304.8420800693899
PIt_e,2,median_midpoint,152.20104003469493
PIt_e,2,std_range,1.7816154314027994e-13
PIt_e,2,frac_fixed,0.0
PIt_e,2,frac_variable,1.0
PIt_e,2,frac_bidirectional,1.0
PIt_e,3,minimum,-0.22
PIt_e,3,maximum,290.24479710039304
PIt_e,3,mean_range,284.78755544225334
PIt_e,3,mean_midpoint,142.17377772112664
PIt_e,3,median_range,284.6185659867206
PIt_e,3,median_midpoint,142.08928299336029
PIt_e,3,std_range,3.3522754904093475
PIt_e,3,frac_fixed,0.0
PIt_e,3,frac_variable,1.0
PIt_e,3,frac_bidirectional,1.0
PIt_e,4,minimum,3.5060141274232985
PIt_e,4,maximum,259.4213700652351
PIt_e,4,mean_range,252.5961623086104
PIt_e,4,mean_midpoint,130.02336401750543
PIt_e,4,median_range,252.75843247147964
PIt_e,4,median_midpoint,130.12534200221853
PIt_e,4,std_range,2.568837782447327
PIt_e,4,frac_fixed,0.0
PIt_e,4,frac_variable,1.0
PIt_e,4,frac_bidirectional,0.0
PIt_e,5,minimum,-0.22
PIt_e,5,maximum,278.4126076005435
PIt_e,5,mean_range,267.6563468821481
PIt_e,5,mean_midpoint,135.39360622491893
PIt_e,5,median_range,267.5171291796506
PIt_e,5,median_midpoint,135.3458136583369
PIt_e,5,std_range,6.589869317676738
PIt_e,5,frac_fixed,0.0
PIt_e,5,frac_variable,1.0
PIt_e,5,frac_bidirectional,0.10714285714285714
PIt_e,6,minimum,-0.22
PIt_e,6,maximum,303.731297297321
PIt_e,6,mean_range,292.33638185411263
PIt_e,6,mean_midpoint,145.9481909270563
PIt_e,6,median_range,292.3711212603969
PIt_e,6,median_midpoint,145.9655606301984
PIt_e,6,std_range,7.20107351430828
PIt_e,6,frac_fixed,0.0
PIt_e,6,frac_variable,1.0
PIt_e,6,frac_bidirectional,1.0
PIt_e,7,minimum,3.50601412742152
PIt_e,7,maximum,259.6497324419935
PIt_e,7,mean_range,252.50685645970293
PIt_e,7,mean_midpoint,129.99274505290342
PIt_e,7,median_range,253.77065861124484
PIt_e,7,median_midpoint,130.58976926554493
PIt_e,7,std_range,3.398476389729784
PIt_e,7,frac_fixed,0.0
PIt_e,7,frac_variable,1.0
PIt_e,7,frac_bidirectional,0.0
PIt_e,8,minimum,1.9586074674368266
PIt_e,8,maximum,267.3233505592095
PIt_e,8,mean_range,260.7255193399649
PIt_e,8,mean_midpoint,133.1009802352479
PIt_e,8,median_range,260.7354008376519
PIt_e,8,median_midpoint,133.08001121625716
PIt_e,8,std_range,2.438838772688922
PIt_e,8,frac_fixed,0.0
PIt_e,8,frac_variable,1.0
PIt_e,8,frac_bidirectional,0.0
PIt_e,9,minimum,-0.22
PIt_e,9,maximum,278.9129270626013
PIt_e,9,mean_range,272.23485004538014
PIt_e,9,mean_midpoint,136.9467908873646
PIt_e,9,median_range,272.6962564729423
PIt_e,9,median_midpoint,137.07618070891843
PIt_e,9,std_range,4.121042145964017
PIt_e,9,frac_fixed,0.0
PIt_e,9,frac_variable,1.0
PIt_e,9,frac_bidirectional,0.16306483300589392
PINAt_e,1,minimum,4.3212916249172935
PINAt_e,1,maximum,243.8655786456322
PINAt_e,1,mean_range,238.08328569506494
PINAt_e,1,mean_midpoint,123.37466624477304
PINAt_e,1,median_range,237.95963320373298
PINAt_e,1,median_midpoint,123.30110822678856
PINAt_e,1,std_range,0.33428260384218705
PINAt_e,1,frac_fixed,0.0
PINAt_e,1,frac_variable,1.0
PINAt_e,1,frac_bidirectional,0.0
PINAt_e,2,minimum,0.0
PINAt_e,2,maximum,304.6220800693901
PINAt_e,2,mean_range,304.62208006938977
PINAt_e,2,mean_midpoint,152.31104003469488
PINAt_e,2,median_range,304.62208006938977
PINAt_e,2,median_midpoint,152.31104003469488
PINAt_e,2,std_range,1.6563001870759665e-13
PINAt_e,2,frac_fixed,0.0
PINAt_e,2,frac_variable,1.0
PINAt_e,2,frac_bidirectional,0.0
PINAt_e,3,minimum,0.0
PINAt_e,3,maximum,290.26001750381124
PINAt_e,3,mean_range,284.58814215978555
PINAt_e,3,mean_midpoint,142.29407107989277
PINAt_e,3,median_range,284.41931243860495
PINAt_e,3,median_midpoint,142.20965621930247
PINAt_e,3,std_range,3.3491068102007278
PINAt_e,3,frac_fixed,0.0
PINAt_e,3,frac_variable,1.0
PINAt_e,3,frac_bidirectional,0.0
PINAt_e,4,minimum,3.726014127416987
PINAt_e,4,maximum,259.4656920306168
PINAt_e,4,mean_range,252.42152635061785
PINAt_e,4,mean_midpoint,130.15604603850795
PINAt_e,4,median_range,252.5838955695657
PINAt_e,4,median_midpoint,130.25807355126216
PINAt_e,4,std_range,2.5681659892056024
PINAt_e,4,frac_fixed,0.0
PINAt_e,4,frac_variable,1.0
PINAt_e,4,frac_bidirectional,0.0
PINAt_e,5,minimum,0.0
PINAt_e,5,maximum,278.43901217566366
PINAt_e,5,mean_range,267.4714387361283
PINAt_e,5,mean_midpoint,135.52115215190906
PINAt_e,5,median_range,267.33233219696433
PINAt_e,5,median_midpoint,135.47341516699436
PINAt_e,5,std_range,6.584671913371361
PINAt_e,5,frac_fixed,0.0
PINAt_e,5,frac_variable,1.0
PINAt_e,5,frac_bidirectional,0.0
PINAt_e,6,minimum,0.0
PINAt_e,6,maximum,303.7322403178633
PINAt_e,6,mean_range,292.1292787557114
PINAt_e,6,mean_midpoint,146.0646393778557
PINAt_e,6,median_range,292.1643235479573
PINAt_e,6,median_midpoint,146.08216177397864
PINAt_e,6,std_range,7.193837610915174
PINAt_e,6,frac_fixed,0.0
PINAt_e,6,frac_variable,1.0
PINAt_e,6,frac_bidirectional,0.0
PINAt_e,7,minimum,3.7260141274240413
PINAt_e,7,maximum,259.6931113868349
PINAt_e,7,mean_range,252.33461473724282
PINAt_e,7,mean_midpoint,130.12398720168727
PINAt_e,7,median_range,253.59592359716726
PINAt_e,7,median_midpoint,130.72240175850712
PINAt_e,7,std_range,3.3899179785818894
PINAt_e,7,frac_fixed,0.0
PINAt_e,7,frac_variable,1.0
PINAt_e,7,frac_bidirectional,0.0
PINAt_e,8,minimum,2.1786074674348583
PINAt_e,8,maximum,267.36012836026975
PINAt_e,8,mean_range,260.54586940099074
PINAt_e,8,mean_midpoint,133.23115526576035
PINAt_e,8,median_range,260.5559507208758
PINAt_e,8,median_midpoint,133.2102861578686
PINAt_e,8,std_range,2.4369597871383064
PINAt_e,8,frac_fixed,0.0
PINAt_e,8,frac_variable,1.0
PINAt_e,8,frac_bidirectional,0.0
PINAt_e,9,minimum,0.0
PINAt_e,9,maximum,278.9374455966434
PINAt_e,9,mean_range,272.04614202361495
PINAt_e,9,mean_midpoint,137.07243687648224
PINAt_e,9,median_range,272.5073761507632
PINAt_e,9,median_midpoint,137.2017405478295
PINAt_e,9,std_range,4.11780823860488
PINAt_e,9,frac_fixed,0.0
PINAt_e,9,frac_variable,1.0
PINAt_e,9,frac_bidirectional,0.0
NASO4t_e,1,minimum,-748.1652746462298
NASO4t_e,1,maximum,-6.258306375009682
NASO4t_e,1,mean_range,740.5832856950719
NASO4t_e,1,mean_midpoint,-376.61671884135734
NASO4t_e,1,median_range,740.4596332037374
NASO4t_e,1,median_midpoint,-376.56112991410777
NASO4t_e,1,std_range,0.3342826038493826
NASO4t_e,1,frac_fixed,0.0
NASO4t_e,1,frac_variable,1.0
NASO4t_e,1,frac_bidirectional,0.0
NASO4t_e,2,minimum,-804.6220800693916
NASO4t_e,2,maximum,2.5000000000014233
NASO4t_e,2,mean_range,807.1220800693901
NASO4t_e,2,mean_midpoint,-401.06104003469505
NASO4t_e,2,median_range,807.1220800693899
NASO4t_e,2,median_midpoint,-401.06104003469494
NASO4t_e,2,std_range,4.1206193703641936e-13
NASO4t_e,2,frac_fixed,0.0
NASO4t_e,2,frac_variable,1.0
NASO4t_e,2,frac_bidirectional,1.0
NASO4t_e,3,minimum,-791.7158574690205
NASO4t_e,3,maximum,1.1986980711607957
NASO4t_e,3,mean_range,787.1913941318594
NASO4t_e,3,mean_midpoint,-392.96157595787184
NASO4t_e,3,median_range,787.0210378235444
NASO4t_e,3,median_midpoint,-392.89320306925396
NASO4t_e,3,std_range,3.3793900052244745
NASO4t_e,3,frac_fixed,0.0
NASO4t_e,3,frac_variable,1.0
NASO4t_e,3,frac_bidirectional,1.0
NASO4t_e,4,minimum,-763.7051124166959
NASO4t_e,4,maximum,-5.46543451350451
NASO4t_e,4,mean_range,754.9215263505941
NASO4t_e,4,mean_midpoint,-383.24514162727274
NASO4t_e,4,median_range,755.0838955695599
NASO4t_e,4,median_midpoint,-383.35664390898205
NASO4t_e,4,std_range,2.568165989229114
NASO4t_e,4,frac_fixed,0.0
NASO4t_e,4,frac_variable,1.0
NASO4t_e,4,frac_bidirectional,0.0
NASO4t_e,5,minimum,-780.9646243205615
NASO4t_e,5,maximum,-0.0035737998761078416
NASO4t_e,5,mean_range,769.9722258198792
NASO4t_e,5,mean_midpoint,-387.627313759785
NASO4t_e,5,median_range,769.8323321969655
NASO4t_e,5,median_midpoint,-387.59060315071
NASO4t_e,5,std_range,6.585984036645322
NASO4t_e,5,frac_fixed,0.0
NASO4t_e,5,frac_variable,1.0
NASO4t_e,5,frac_bidirectional,0.0
NASO4t_e,6,minimum,-803.8224407516082
NASO4t_e,6,maximum,2.419374380961998
NASO4t_e,6,mean_range,794.7040152476934
NASO4t_e,6,mean_midpoint,-396.01086686894814
NASO4t_e,6,median_range,794.7983709538626
NASO4t_e,6,median_midpoint,-396.0279441434761
NASO4t_e,6,std_range,7.184268212382319
NASO4t_e,6,frac_fixed,0.0
NASO4t_e,6,frac_variable,1.0
NASO4t_e,6,frac_bidirectional,1.0
NASO4t_e,7,minimum,-763.8423313391698
NASO4t_e,7,maximum,-5.456808247260457
NASO4t_e,7,mean_range,754.834614737243
NASO4t_e,7,mean_midpoint,-383.1898631935143
NASO4t_e,7,median_range,756.0959235971612
NASO4t_e,7,median_midpoint,-383.8020225783295
NASO4t_e,7,std_range,3.389917978578909
NASO4t_e,7,frac_fixed,0.0
NASO4t_e,7,frac_variable,1.0
NASO4t_e,7,frac_bidirectional,0.0
NASO4t_e,8,minimum,-770.8779452763772
NASO4t_e,8,maximum,-3.1964243835466277
NASO4t_e,8,mean_range,763.0458694009908
NASO4t_e,8,mean_midpoint,-385.84066081379416
NASO4t_e,8,median_range,763.0559507208754
NASO4t_e,8,median_midpoint,-385.8389048089635
NASO4t_e,8,std_range,2.4369597871381443
NASO4t_e,8,frac_fixed,0.0
NASO4t_e,8,frac_variable,1.0
NASO4t_e,8,frac_bidirectional,0.0
NASO4t_e,9,minimum,-781.2826568740483
NASO4t_e,9,maximum,-0.003573799873354648
NASO4t_e,9,mean_range,774.5465053600022
NASO4t_e,9,mean_midpoint,-388.8153501512672
NASO4t_e,9,median_range,775.0073761507635
NASO4t_e,9,median_midpoint,-388.92835486145964
NASO4t_e,9,std_range,4.118425556581709
NASO4t_e,9,frac_fixed,0.0
NASO4t_e,9,frac_variable,1.0
NASO4t_e,9,frac_bidirectional,0.0
PIt_m,1,minimum,3.0950033087377804
PIt_m,1,maximum,596.4516597248903
PIt_m,1,mean_range,591.7903420113313
PIt_m,1,mean_midpoint,299.40300588660295
PIt_m,1,median_range,591.644023942446
PIt_m,1,median_midpoint,299.36841172664276
PIt_m,1,std_range,0.3955568103096031
PIt_m,1,frac_fixed,0.0
PIt_m,1,frac_variable,1.0
PIt_m,1,frac_bidirectional,0.0
PIt_m,2,minimum,-12.265822784810837
PIt_m,2,maximum,656.5794595180683
PIt_m,2,mean_range,668.8452823028757
PIt_m,2,mean_midpoint,322.1568183666277
PIt_m,2,median_range,668.8452823028758
PIt_m,2,median_midpoint,322.1568183666278
PIt_m,2,std_range,9.779711566628324e-13
PIt_m,2,frac_fixed,0.0
PIt_m,2,frac_variable,1.0
PIt_m,2,frac_bidirectional,1.0
PIt_m,3,minimum,-7.365404177119103
PIt_m,3,maximum,638.867443867378
PIt_m,3,mean_range,637.6089646492815
PIt_m,3,mean_midpoint,313.2726090335559
PIt_m,3,median_range,637.352265102694
PIt_m,3,median_midpoint,313.19883636033694
PIt_m,3,std_range,5.092196999663283
PIt_m,3,frac_fixed,0.0
PIt_m,3,frac_variable,1.0
PIt_m,3,frac_bidirectional,1.0
PIt_m,4,minimum,2.5778476655797533
PIt_m,4,maximum,602.0433109259569
PIt_m,4,mean_range,597.0638296636
PIt_m,4,mean_midpoint,301.4658131562488
PIt_m,4,median_range,597.0596690009777
PIt_m,4,median_midpoint,301.4975777295421
PIt_m,4,std_range,1.7538034617986247
PIt_m,4,frac_fixed,0.0
PIt_m,4,frac_variable,1.0
PIt_m,4,frac_bidirectional,0.0
PIt_m,5,minimum,-3.5440616654279147
PIt_m,5,maximum,624.7153709951094
PIt_m,5,mean_range,614.2986248641455
PIt_m,5,mean_midpoint,306.5734695047218
PIt_m,5,median_range,614.1199809012821
PIt_m,5,median_midpoint,306.5221291620138
PIt_m,5,std_range,8.352444490281627
PIt_m,5,frac_fixed,0.0
PIt_m,5,frac_variable,1.0
PIt_m,5,frac_bidirectional,0.5714285714285714
PIt_m,6,minimum,-11.962204327760293
PIt_m,6,maximum,655.4820645211071
PIt_m,6,mean_range,649.3386588104281
PIt_m,6,mean_midpoint,316.61205202497786
PIt_m,6,median_range,649.2310939464696
PIt_m,6,median_midpoint,316.60038258717145
PIt_m,6,std_range,11.143271005271124
PIt_m,6,frac_fixed,0.0
PIt_m,6,frac_variable,1.0
PIt_m,6,frac_bidirectional,1.0
PIt_m,7,minimum,2.3956419113184246
PIt_m,7,maximum,602.5144719822272
PIt_m,7,mean_range,597.2305252269284
PIt_m,7,mean_midpoint,301.4974561088511
PIt_m,7,median_range,597.6950760146141
PIt_m,7,median_midpoint,301.7475914271534
PIt_m,7,std_range,2.027246209903501
PIt_m,7,frac_fixed,0.0
PIt_m,7,frac_variable,1.0
PIt_m,7,frac_bidirectional,0.0
PIt_m,8,minimum,0.020201631472957615
PIt_m,8,maximum,611.4862835866528
PIt_m,8,mean_range,605.6392428202236
PIt_m,8,mean_midpoint,304.0743496720483
PIt_m,8,median_range,605.5273515551435
PIt_m,8,median_midpoint,304.0527004260999
PIt_m,8,std_range,3.07675857570492
PIt_m,8,frac_fixed,0.0
PIt_m,8,frac_variable,1.0
PIt_m,8,frac_bidirectional,0.0
PIt_m,9,minimum,-3.928473173957002
PIt_m,9,maximum,625.7608510023867
PIt_m,9,mean_range,620.2147556594376
PIt_m,9,mean_midpoint,308.26413891428666
PIt_m,9,median_range,620.6820722920736
PIt_m,9,median_midpoint,308.40800325192737
PIt_m,9,std_range,5.223628689580891
PIt_m,9,frac_fixed,0.0
PIt_m,9,frac_variable,1.0
PIt_m,9,frac_bidirectional,0.93713163064833
EX_hco3_e,1,minimum,-9.02004337464081
EX_hco3_e,1,maximum,-3.5993920012057
EX_hco3_e,1,mean_range,4.999999999999535
EX_hco3_e,1,mean_midpoint,-6.484105193165448
EX_hco3_e,1,median_range,5.000000000000064
EX_hco3_e,1,median_midpoint,-6.520043374639181
EX_hco3_e,1,std_range,1.938579946853524e-12
EX_hco3_e,1,frac_fixed,0.0
EX_hco3_e,1,frac_variable,1.0
EX_hco3_e,1,frac_bidirectional,0.0
EX_hco3_e,2,minimum,-20.0
EX_hco3_e,2,maximum,0.0
EX_hco3_e,2,mean_range,20.0
EX_hco3_e,2,mean_midpoint,-10.0
EX_hco3_e,2,median_range,20.0
EX_hco3_e,2,median_midpoint,-10.0
EX_hco3_e,2,std_range,0.0
EX_hco3_e,2,frac_fixed,0.0
EX_hco3_e,2,frac_variable,1.0
EX_hco3_e,2,frac_bidirectional,0.0
EX_hco3_e,3,minimum,-20.0
EX_hco3_e,3,maximum,0.0
EX_hco3_e,3,mean_range,18.412400504506582
EX_hco3_e,3,mean_midpoint,-9.206200252253291
EX_hco3_e,3,median_range,18.37854060382844
EX_hco3_e,3,median_midpoint,-9.18927030191422
EX_hco3_e,3,std_range,1.0875271597724248
EX_hco3_e,3,frac_fixed,0.0
EX_hco3_e,3,frac_variable,1.0
EX_hco3_e,3,frac_bidirectional,0.0
EX_hco3_e,4,minimum,-10.022739506338288
EX_hco3_e,4,maximum,-3.4788407721608565
EX_hco3_e,4,mean_range,5.975208123437409
EX_hco3_e,4,mean_midpoint,-6.665795239268489
EX_hco3_e,4,median_range,5.921150424090108
EX_hco3_e,4,median_midpoint,-6.657715927490708
EX_hco3_e,4,std_range,0.3757528726708115
EX_hco3_e,4,frac_fixed,0.0
EX_hco3_e,4,frac_variable,1.0
EX_hco3_e,4,frac_bidirectional,0.0
EX_hco3_e,5,minimum,-16.373148340430866
EX_hco3_e,5,maximum,-0.0512242897981148
EX_hco3_e,5,mean_range,11.581030908247754
EX_hco3_e,5,mean_midpoint,-7.5036257536273325
EX_hco3_e,5,median_range,11.520365941662568
EX_hco3_e,5,median_midpoint,-7.494558938262385
EX_hco3_e,5,std_range,2.8363721772855888
EX_hco3_e,5,frac_fixed,0.0
EX_hco3_e,5,frac_variable,1.0
EX_hco3_e,5,frac_bidirectional,0.0
EX_hco3_e,6,minimum,-20.0
EX_hco3_e,6,maximum,0.0
EX_hco3_e,6,mean_range,19.350912797503433
EX_hco3_e,6,mean_midpoint,-9.675456398751717
EX_hco3_e,6,median_range,20.0
EX_hco3_e,6,median_midpoint,-10.0
EX_hco3_e,6,std_range,1.044820839936723
EX_hco3_e,6,frac_fixed,0.0
EX_hco3_e,6,frac_variable,1.0
EX_hco3_e,6,frac_bidirectional,0.0
EX_hco3_e,7,minimum,-10.022739506338471
EX_hco3_e,7,maximum,-3.2984399046673682
EX_hco3_e,7,mean_range,5.9827336949969325
EX_hco3_e,7,mean_midpoint,-6.623118831153539
EX_hco3_e,7,median_range,6.029265822784387
EX_hco3_e,7,median_midpoint,-6.673874551045435
EX_hco3_e,7,std_range,0.4309191276792021
EX_hco3_e,7,frac_fixed,0.0
EX_hco3_e,7,frac_variable,1.0
EX_hco3_e,7,frac_bidirectional,0.0
EX_hco3_e,8,minimum,-12.616595857535206
EX_hco3_e,8,maximum,-2.0356338322182
EX_hco3_e,8,mean_range,8.57556820855481
EX_hco3_e,8,mean_midpoint,-7.006795200344262
EX_hco3_e,8,median_range,8.602430379745766
EX_hco3_e,8,median_midpoint,-7.012283668469885
EX_hco3_e,8,std_range,1.055359433284449
EX_hco3_e,8,frac_fixed,0.0
EX_hco3_e,8,frac_variable,1.0
EX_hco3_e,8,frac_bidirectional,0.0
EX_hco3_e,9,minimum,-16.373148340433893
EX_hco3_e,9,maximum,0.0
EX_hco3_e,9,mean_range,13.528551441532901
EX_hco3_e,9,mean_midpoint,-7.752950946173054
EX_hco3_e,9,median_range,13.748759493670615
EX_hco3_e,9,median_midpoint,-7.7506927858943655
EX_hco3_e,9,std_range,1.7746662384137022
EX_hco3_e,9,frac_fixed,0.0
EX_hco3_e,9,frac_variable,1.0
EX_hco3_e,9,frac_bidirectional,0.0
EX_h_e,1,minimum,-9.567952921333521
EX_h_e,1,maximum,-4.435982816554937
EX_h_e,1,mean_range,5.000000000000092
EX_h_e,1,mean_midpoint,-6.947257629558748
EX_h_e,1,median_range,5.000000000000069
EX_h_e,1,median_midpoint,-6.935982816556596
EX_h_e,1,std_range,6.044988962750935e-13
EX_h_e,1,frac_fixed,0.0
EX_h_e,1,frac_variable,1.0
EX_h_e,1,frac_bidirectional,0.0
EX_h_e,2,minimum,-12.265822784811569
EX_h_e,2,maximum,5.000000000002501
EX_h_e,2,mean_range,17.265822784810172
EX_h_e,2,mean_midpoint,-3.6329113924050365
EX_h_e,2,median_range,17.26582278481012
EX_h_e,2,median_midpoint,-3.6329113924050507
EX_h_e,2,std_range,4.552491234386201e-13
EX_h_e,2,frac_fixed,0.0
EX_h_e,2,frac_variable,1.0
EX_h_e,2,frac_bidirectional,1.0
EX_h_e,3,minimum,-11.352347328028047
EX_h_e,3,maximum,2.360373699412179
EX_h_e,3,mean_range,12.248446529666502
EX_h_e,3,mean_midpoint,-4.906056631706171
EX_h_e,3,median_range,12.204860759495084
EX_h_e,3,median_midpoint,-4.918262819030918
EX_h_e,3,std_range,0.8646190889336103
EX_h_e,3,frac_fixed,0.0
EX_h_e,3,frac_variable,1.0
EX_h_e,3,frac_bidirectional,1.0
EX_h_e,4,minimum,-9.60577321465182
EX_h_e,4,maximum,-3.8338238475609714
EX_h_e,4,mean_range,5.487604061719358
EX_h_e,4,mean_midpoint,-6.79942938422153
EX_h_e,4,median_range,5.460575212045485
EX_h_e,4,median_midpoint,-6.80699880885291
EX_h_e,4,std_range,0.1878764363363485
EX_h_e,4,frac_fixed,0.0
EX_h_e,4,frac_variable,1.0
EX_h_e,4,frac_bidirectional,0.0
EX_h_e,5,minimum,-10.68111240258819
EX_h_e,5,maximum,-0.020150377271682063
EX_h_e,5,mean_range,8.290515454123916
EX_h_e,5,mean_midpoint,-6.0144745382457865
EX_h_e,5,median_range,8.260182970831544
EX_h_e,5,median_midpoint,-6.022969144894905
EX_h_e,5,std_range,1.4181860886430784
EX_h_e,5,frac_fixed,0.0
EX_h_e,5,frac_variable,1.0
EX_h_e,5,frac_bidirectional,0.0
EX_h_e,6,minimum,-12.209225985445897
EX_h_e,6,maximum,4.836454938092956
EX_h_e,6,mean_range,14.142706596240162
EX_h_e,6,mean_midpoint,-4.420442494473897
EX_h_e,6,median_range,14.18383672695212
EX_h_e,6,median_midpoint,-4.381549230223051
EX_h_e,6,std_range,1.8167653496849212
EX_h_e,6,frac_fixed,0.0
EX_h_e,6,frac_variable,1.0
EX_h_e,6,frac_bidirectional,0.9977511244377811
EX_h_e,7,minimum,-9.662370014017009
EX_h_e,7,maximum,-3.833823847558228
EX_h_e,7,mean_range,5.491366847498271
EX_h_e,7,mean_midpoint,-6.812117265726619
EX_h_e,7,median_range,5.514632911392452
EX_h_e,7,median_midpoint,-6.791859959590782
EX_h_e,7,std_range,0.21545956384002138
EX_h_e,7,frac_fixed,0.0
EX_h_e,7,frac_variable,1.0
EX_h_e,7,frac_bidirectional,0.0
EX_h_e,8,minimum,-10.058547609572477
EX_h_e,8,maximum,-2.268066596863406
EX_h_e,8,mean_range,6.787784104277981
EX_h_e,8,mean_midpoint,-6.450260990321881
EX_h_e,8,median_range,6.801215189872915
EX_h_e,8,median_midpoint,-6.431552817175952
EX_h_e,8,std_range,0.5276797166426294
EX_h_e,8,frac_fixed,0.0
EX_h_e,8,frac_variable,1.0
EX_h_e,8,frac_bidirectional,0.0
EX_h_e,9,minimum,-10.794306001318343
EX_h_e,9,maximum,-0.02015037726924849
EX_h_e,9,mean_range,9.265518390490326
EX_h_e,9,mean_midpoint,-5.755028341478463
EX_h_e,9,median_range,9.374379746834432
EX_h_e,9,median_midpoint,-5.754754246896027
EX_h_e,9,std_range,0.8890487278014387
EX_h_e,9,frac_fixed,0.0
EX_h_e,9,frac_variable,1.0
EX_h_e,9,frac_bidirectional,0.0
CLt_e,1,minimum,3.599392001206001
CLt_e,1,maximum,9.020043374640991
CLt_e,1,mean_range,5.000000000000107
CLt_e,1,mean_midpoint,6.484105193165489
CLt_e,1,median_range,5.000000000000025
CLt_e,1,median_midpoint,6.520043374639064
CLt_e,1,std_range,1.041017291742891e-12
CLt_e,1,frac_fixed,0.0
CLt_e,1,frac_variable,1.0
CLt_e,1,frac_bidirectional,0.0
CLt_e,2,minimum,0.0
CLt_e,2,maximum,20.0
CLt_e,2,mean_range,20.0
CLt_e,2,mean_midpoint,10.0
CLt_e,2,median_range,20.0
CLt_e,2,median_midpoint,10.0
CLt_e,2,std_range,0.0
CLt_e,2,frac_fixed,0.0
CLt_e,2,frac_variable,1.0
CLt_e,2,frac_bidirectional,0.0
CLt_e,3,minimum,0.0
CLt_e,3,maximum,20.0
CLt_e,3,mean_range,18.412400504504504
CLt_e,3,mean_midpoint,9.206200252252252
CLt_e,3,median_range,18.37854060382857
CLt_e,3,median_midpoint,9.189270301914284
CLt_e,3,std_range,1.0875271597729097
CLt_e,3,frac_fixed,0.0
CLt_e,3,frac_variable,1.0
CLt_e,3,frac_bidirectional,0.0
CLt_e,4,minimum,3.4788407721612677
CLt_e,4,maximum,10.022739506336906
CLt_e,4,mean_range,5.975208123436336
CLt_e,4,mean_midpoint,6.6657952392683315
CLt_e,4,median_range,5.921150424089648
CLt_e,4,median_midpoint,6.657715927490657
CLt_e,4,std_range,0.3757528726706097
CLt_e,4,frac_fixed,0.0
CLt_e,4,frac_variable,1.0
CLt_e,4,frac_bidirectional,0.0
CLt_e,5,minimum,0.05122428979709426
CLt_e,5,maximum,16.37314834043161
CLt_e,5,mean_range,11.581030908246749
CLt_e,5,mean_midpoint,7.503625753626456
CLt_e,5,median_range,11.520365941651995
CLt_e,5,median_midpoint,7.494558938257669
CLt_e,5,std_range,2.8363721772853916
CLt_e,5,frac_fixed,0.0
CLt_e,5,frac_variable,1.0
CLt_e,5,frac_bidirectional,0.0
CLt_e,6,minimum,0.0
CLt_e,6,maximum,20.0
CLt_e,6,mean_range,19.350912797503447
CLt_e,6,mean_midpoint,9.675456398751724
CLt_e,6,median_range,20.0
CLt_e,6,median_midpoint,10.0
CLt_e,6,std_range,1.0448208399367704
CLt_e,6,frac_fixed,0.0
CLt_e,6,frac_variable,1.0
CLt_e,6,frac_bidirectional,0.0
CLt_e,7,minimum,3.2984399046676636
CLt_e,7,maximum,10.02273950634003
CLt_e,7,mean_range,5.982733694996475
CLt_e,7,mean_midpoint,6.6231188311535325
CLt_e,7,median_range,6.029265822783673
CLt_e,7,median_midpoint,6.67387455104547
CLt_e,7,std_range,0.43091912767929474
CLt_e,7,frac_fixed,0.0
CLt_e,7,frac_variable,1.0
CLt_e,7,frac_bidirectional,0.0
CLt_e,8,minimum,2.0356338322180862
CLt_e,8,maximum,12.616595857535046
CLt_e,8,mean_range,8.575568208554746
CLt_e,8,mean_midpoint,7.006795200344392
CLt_e,8,median_range,8.602430379745856
CLt_e,8,median_midpoint,7.012283668469929
CLt_e,8,std_range,1.0553594332844638
CLt_e,8,frac_fixed,0.0
CLt_e,8,frac_variable,1.0
CLt_e,8,frac_bidirectional,0.0
CLt_e,9,minimum,0.0
CLt_e,9,maximum,16.373148340433236
CLt_e,9,mean_range,13.528551441532866
CLt_e,9,mean_midpoint,7.752950946173129
CLt_e,9,median_range,13.74875949366945
CLt_e,9,median_midpoint,7.750692785894086
CLt_e,9,std_range,1.774666238413829
CLt_e,9,frac_fixed,0.0
CLt_e,9,frac_variable,1.0
CLt_e,9,frac_bidirectional,0.0
ATP2t_m,1,minimum,3.085239676627639
ATP2t_m,1,maximum,596.4566209279097
ATP2t_m,1,mean_range,591.8057255951994
ATP2t_m,1,mean_midpoint,299.40049724832664
ATP2t_m,1,median_range,591.6594690636462
ATP2t_m,1,median_midpoint,299.3658930533171
ATP2t_m,1,std_range,0.3953904500124523
ATP2t_m,1,frac_fixed,0.0
ATP2t_m,1,frac_variable,1.0
ATP2t_m,1,frac_bidirectional,0.0
ATP2t_m,2,minimum,0.0
ATP2t_m,2,maximum,656.5794595180673
ATP2t_m,2,mean_range,656.5794595180653
ATP2t_m,2,mean_midpoint,328.28972975903264
ATP2t_m,2,median_range,656.5794595180657
ATP2t_m,2,median_midpoint,328.28972975903287
ATP2t_m,2,std_range,2.2747953559999644e-12
ATP2t_m,2,frac_fixed,0.0
ATP2t_m,2,frac_variable,1.0
ATP2t_m,2,frac_bidirectional,0.0
ATP2t_m,3,minimum,0.0
ATP2t_m,3,maximum,638.8691236879109
ATP2t_m,3,mean_range,632.079363439292
ATP2t_m,3,mean_midpoint,316.039681719646
ATP2t_m,3,median_range,631.8772586220769
ATP2t_m,3,median_midpoint,315.9386293110384
ATP2t_m,3,std_range,4.009191124446321
ATP2t_m,3,frac_fixed,0.0
ATP2t_m,3,frac_variable,1.0
ATP2t_m,3,frac_bidirectional,0.0
ATP2t_m,4,minimum,2.5682209056915752
ATP2t_m,4,maximum,602.0482025799806
ATP2t_m,4,mean_range,597.0786894274379
ATP2t_m,4,mean_midpoint,301.4633899385524
ATP2t_m,4,median_range,597.0745612123135
ATP2t_m,4,median_midpoint,301.49514922054675
ATP2t_m,4,std_range,1.7535804924501797
ATP2t_m,4,frac_fixed,0.0
ATP2t_m,4,frac_variable,1.0
ATP2t_m,4,frac_bidirectional,0.0
ATP2t_m,5,minimum,0.0
ATP2t_m,5,maximum,624.7182851720172
ATP2t_m,5,mean_range,613.2218656737936
ATP2t_m,5,mean_midpoint,307.11572206013454
ATP2t_m,5,median_range,613.586004841578
ATP2t_m,5,median_midpoint,306.793002420789
ATP2t_m,5,std_range,7.226423384370722
ATP2t_m,5,frac_fixed,0.0
ATP2t_m,5,frac_variable,1.0
ATP2t_m,5,frac_bidirectional,0.0
ATP2t_m,6,minimum,0.0
ATP2t_m,6,maximum,655.4821685988427
ATP2t_m,6,mean_range,641.2828048142903
ATP2t_m,6,mean_midpoint,320.64140240714516
ATP2t_m,6,median_range,641.2173866488718
ATP2t_m,6,median_midpoint,320.6086933244359
ATP2t_m,6,std_range,8.748612849364095
ATP2t_m,6,frac_fixed,0.0
ATP2t_m,6,frac_variable,1.0
ATP2t_m,6,frac_bidirectional,0.0
ATP2t_m,7,minimum,2.386219976106009
ATP2t_m,7,maximum,602.5192595585073
ATP2t_m,7,mean_range,597.2453054724277
ATP2t_m,7,mean_midpoint,301.49504585841015
ATP2t_m,7,median_range,597.709903330939
ATP2t_m,7,median_midpoint,301.74517350074603
ATP2t_m,7,std_range,2.0270023915041686
ATP2t_m,7,frac_fixed,0.0
ATP2t_m,7,frac_variable,1.0
ATP2t_m,7,frac_bidirectional,0.0
ATP2t_m,8,minimum,0.012213469010344695
ATP2t_m,8,maximum,611.4903426187113
ATP2t_m,8,mean_range,605.6524601693063
ATP2t_m,8,mean_midpoint,304.07219428692423
ATP2t_m,8,median_range,605.5406343594022
ATP2t_m,8,median_midpoint,304.05053436705197
ATP2t_m,8,std_range,3.0761315450091797
ATP2t_m,8,frac_fixed,0.0
ATP2t_m,8,frac_variable,1.0
ATP2t_m,8,frac_bidirectional,0.0
ATP2t_m,9,minimum,0.0
ATP2t_m,9,maximum,625.7635570237869
ATP2t_m,9,mean_range,618.3749703257763
ATP2t_m,9,mean_midpoint,309.18748516288815
ATP2t_m,9,median_range,618.7524739635752
ATP2t_m,9,median_midpoint,309.3762369817876
ATP2t_m,9,std_range,4.112467302806774
ATP2t_m,9,frac_fixed,0.0
ATP2t_m,9,frac_variable,1.0
ATP2t_m,9,frac_bidirectional,0.0
ATPt_m,1,minimum,3.085239676595247
ATPt_m,1,maximum,616.7680109117009
ATPt_m,1,mean_range,612.0514040882177
ATPt_m,1,mean_midpoint,309.5233364948449
ATPt_m,1,median_range,611.8990090838414
ATPt_m,1,median_midpoint,309.4856630634119
ATPt_m,1,std_range,0.4119852202646953
ATPt_m,1,frac_fixed,0.0
ATPt_m,1,frac_variable,1.0
ATPt_m,1,frac_bidirectional,0.0
ATPt_m,2,minimum,0.0
ATPt_m,2,maximum,690.7788266066761
ATPt_m,2,mean_range,690.7788266066733
ATPt_m,2,mean_midpoint,345.38941330333665
ATPt_m,2,median_range,690.7788266066734
ATPt_m,2,median_midpoint,345.3894133033367
ATPt_m,2,std_range,7.253352317551321e-13
ATPt_m,2,frac_fixed,0.0
ATPt_m,2,frac_variable,1.0
ATPt_m,2,frac_bidirectional,0.0
ATPt_m,3,minimum,0.0
ATPt_m,3,maximum,669.9918051967858
ATPt_m,3,mean_range,661.952365504119
ATPt_m,3,mean_midpoint,330.9761827520595
ATPt_m,3,median_range,661.7130625787946
ATPt_m,3,median_midpoint,330.8565312893973
ATPt_m,3,std_range,4.747096963830929
ATPt_m,3,frac_fixed,0.0
ATPt_m,3,frac_variable,1.0
ATPt_m,3,frac_bidirectional,0.0
ATPt_m,4,minimum,2.56822090569036
ATPt_m,4,maximum,626.3938630256259
ATPt_m,4,mean_range,620.4165779649722
ATPt_m,4,mean_midpoint,313.1323342073215
ATPt_m,4,median_range,620.5529812395109
ATPt_m,4,median_midpoint,313.2343592341457
ATPt_m,4,std_range,2.6113951887859335
ATPt_m,4,frac_fixed,0.0
ATPt_m,4,frac_variable,1.0
ATPt_m,4,frac_bidirectional,0.0
ATPt_m,5,minimum,0.0
ATPt_m,5,maximum,653.2364546860797
ATPt_m,5,mean_range,639.7169866694849
ATPt_m,5,mean_midpoint,320.36328255798037
ATPt_m,5,median_range,640.05523869593
ATPt_m,5,median_midpoint,320.027619347965
ATPt_m,5,std_range,8.435020563139728
ATPt_m,5,frac_fixed,0.0
ATPt_m,5,frac_variable,1.0
ATPt_m,5,frac_bidirectional,0.0
ATPt_m,6,minimum,0.0
ATPt_m,6,maximum,689.4909114564738
ATPt_m,6,mean_range,672.7875204809294
ATPt_m,6,mean_midpoint,336.3937602404647
ATPt_m,6,median_range,672.7480145037896
ATPt_m,6,median_midpoint,336.3740072518948
ATPt_m,6,std_range,10.310262989488695
ATPt_m,6,frac_fixed,0.0
ATPt_m,6,frac_variable,1.0
ATPt_m,6,frac_bidirectional,0.0
ATPt_m,7,minimum,2.386219976105767
ATPt_m,7,maximum,626.8662362709238
ATPt_m,7,mean_range,620.5582114862532
ATPt_m,7,mean_midpoint,313.15149886532276
ATPt_m,7,median_range,621.5684706110213
ATPt_m,7,median_midpoint,313.67445714078406
ATPt_m,7,std_range,3.0720472548514777
ATPt_m,7,frac_fixed,0.0
ATPt_m,7,frac_variable,1.0
ATPt_m,7,frac_bidirectional,0.0
ATPt_m,8,minimum,0.012213469006578784
ATPt_m,8,maximum,637.5616647773634
ATPt_m,8,mean_range,630.8700987551298
ATPt_m,8,mean_midpoint,316.6810135798362
ATPt_m,8,median_range,630.764717766794
ATPt_m,8,median_midpoint,316.66257607074755
ATPt_m,8,std_range,3.5224196444400073
ATPt_m,8,frac_fixed,0.0
ATPt_m,8,frac_variable,1.0
ATPt_m,8,frac_bidirectional,0.0
ATPt_m,9,minimum,0.0
ATPt_m,9,maximum,654.3155432819
ATPt_m,9,mean_range,645.706770651287
ATPt_m,9,mean_midpoint,322.8533853256435
ATPt_m,9,median_range,646.1726147754147
ATPt_m,9,median_midpoint,323.08630738770734
ATPt_m,9,std_range,4.869333212941402
ATPt_m,9,frac_fixed,0.0
ATPt_m,9,frac_variable,1.0
ATPt_m,9,frac_bidirectional,0.0
PGAM_h,1,minimum,22.076718597805314
PGAM_h,1,maximum,488.18867297299215
PGAM_h,1,mean_range,461.9718618566365
PGAM_h,1,mean_midpoint,254.05030131341024
PGAM_h,1,median_range,461.585112976286
PGAM_h,1,median_midpoint,253.9491888749235
PGAM_h,1,std_range,1.0455383580762316
PGAM_h,1,frac_fixed,0.0
PGAM_h,1,frac_variable,1.0
PGAM_h,1,frac_bidirectional,0.0
PGAM_h,2,minimum,-4.661012658228518
PGAM_h,2,maximum,626.086078022135
PGAM_h,2,mean_range,630.7470906803613
PGAM_h,2,mean_midpoint,310.71253268195295
PGAM_h,2,median_range,630.7470906803616
PGAM_h,2,median_midpoint,310.7125326819529
PGAM_h,2,std_range,1.0205775466246104e-12
PGAM_h,2,frac_fixed,0.0
PGAM_h,2,frac_variable,1.0
PGAM_h,2,frac_bidirectional,1.0
PGAM_h,3,minimum,-2.373560739051104
PGAM_h,3,maximum,585.9545365890891
PGAM_h,3,mean_range,572.1405297608864
PGAM_h,3,mean_midpoint,284.5031995527284
PGAM_h,3,median_range,571.6586886848341
PGAM_h,3,median_midpoint,284.2862852537634
PGAM_h,3,std_range,9.558371701023542
PGAM_h,3,frac_fixed,0.0
PGAM_h,3,frac_variable,1.0
PGAM_h,3,frac_bidirectional,1.0
PGAM_h,4,minimum,2.3936389319366853
PGAM_h,4,maximum,502.54286612208136
PGAM_h,4,mean_range,490.7067605836587
PGAM_h,4,mean_midpoint,251.6444797104003
PGAM_h,4,median_range,492.0169878778239
PGAM_h,4,median_midpoint,251.74111496037915
PGAM_h,4,std_range,8.098687291634548
PGAM_h,4,frac_fixed,0.0
PGAM_h,4,frac_variable,1.0
PGAM_h,4,frac_bidirectional,0.0
PGAM_h,5,minimum,-0.6927081151340246
PGAM_h,5,maximum,553.8981663623946
PGAM_h,5,mean_range,528.3786464897108
PGAM_h,5,mean_midpoint,264.8091335284592
PGAM_h,5,median_range,528.0502407250431
PGAM_h,5,median_midpoint,264.65471711168817
PGAM_h,5,std_range,15.689362433484964
PGAM_h,5,frac_fixed,0.0
PGAM_h,5,frac_variable,1.0
PGAM_h,5,frac_bidirectional,0.25
PGAM_h,6,minimum,-4.519287495976432
PGAM_h,6,maximum,624.2033302379415
PGAM_h,6,mean_range,594.3679059499211
PGAM_h,6,mean_midpoint,294.4611965837118
PGAM_h,6,median_range,594.0378848235508
PGAM_h,6,median_midpoint,294.3420820250943
PGAM_h,6,std_range,21.081438278094744
PGAM_h,6,frac_fixed,0.0
PGAM_h,6,frac_variable,1.0
PGAM_h,6,frac_bidirectional,1.0
PGAM_h,7,minimum,2.3526206693561456
PGAM_h,7,maximum,503.91577666103876
PGAM_h,7,mean_range,490.8005596295612
PGAM_h,7,mean_midpoint,251.95451742218526
PGAM_h,7,median_range,495.49889173198113
PGAM_h,7,median_midpoint,252.23739411704344
PGAM_h,7,std_range,9.7562708844392
PGAM_h,7,frac_fixed,0.0
PGAM_h,7,frac_variable,1.0
PGAM_h,7,frac_bidirectional,0.0
PGAM_h,8,minimum,0.8662686696498683
PGAM_h,8,maximum,523.9761504337871
PGAM_h,8,mean_range,512.1834099942822
PGAM_h,8,mean_midpoint,257.51275086711655
PGAM_h,8,median_range,511.9213389592685
PGAM_h,8,median_midpoint,257.393838798301
PGAM_h,8,std_range,5.803472318354971
PGAM_h,8,frac_fixed,0.0
PGAM_h,8,frac_variable,1.0
PGAM_h,8,frac_bidirectional,0.0
PGAM_h,9,minimum,-0.9761584396405905
PGAM_h,9,maximum,556.833987440325
PGAM_h,9,mean_range,539.5541770712208
PGAM_h,9,mean_midpoint,269.81890100598594
PGAM_h,9,median_range,540.3676959714393
PGAM_h,9,median_midpoint,270.1997656818516
PGAM_h,9,std_range,9.808109287552648
PGAM_h,9,frac_fixed,0.0
PGAM_h,9,frac_variable,1.0
PGAM_h,9,frac_bidirectional,0.44793713163064836
NH4t_e,1,minimum,-0.3
NH4t_e,1,maximum,0.0
NH4t_e,1,mean_range,-4.7171881785328214e-14
NH4t_e,1,mean_midpoint,-0.2743696202531886
NH4t_e,1,median_range,-1.1157741397482823e-14
NH4t_e,1,median_midpoint,-0.2999999999999964
NH4t_e,1,std_range,2.5575037501512494e-13
NH4t_e,1,frac_fixed,1.0
NH4t_e,1,frac_variable,0.0
NH4t_e,1,frac_bidirectional,0.0
NH4t_e,2,minimum,-0.3
NH4t_e,2,maximum,0.0
NH4t_e,2,mean_range,0.2749019607843138
NH4t_e,2,mean_midpoint,-0.1374509803921569
NH4t_e,2,median_range,0.3
NH4t_e,2,median_midpoint,-0.15
NH4t_e,2,std_range,0.06858149721944838
NH4t_e,2,frac_fixed,0.0196078431372549
NH4t_e,2,frac_variable,0.9803921568627451
NH4t_e,2,frac_bidirectional,0.0
NH4t_e,3,minimum,-0.3
NH4t_e,3,maximum,-0.2999999999997347
NH4t_e,3,mean_range,4.4007281479038925e-14
NH4t_e,3,mean_midpoint,-0.29999999999997806
NH4t_e,3,median_range,1.5376588891058418e-14
NH4t_e,3,median_midpoint,-0.2999999999999923
NH4t_e,3,std_range,1.0358603500584116e-13
NH4t_e,3,frac_fixed,1.0
NH4t_e,3,frac_variable,0.0
NH4t_e,3,frac_bidirectional,0.0
NH4t_e,4,minimum,-0.3
NH4t_e,4,maximum,-0.2999999999999525
NH4t_e,4,mean_range,-1.6667223157185163e-14
NH4t_e,4,mean_midpoint,-0.30000000000000837
NH4t_e,4,median_range,-1.7291723608536813e-14
NH4t_e,4,median_midpoint,-0.30000000000000865
NH4t_e,4,std_range,5.2352922167644e-14
NH4t_e,4,frac_fixed,1.0
NH4t_e,4,frac_variable,0.0
NH4t_e,4,frac_bidirectional,0.0
NH4t_e,5,minimum,-0.3
NH4t_e,5,maximum,-0.2999999999997025
NH4t_e,5,mean_range,-1.8608130909163785e-14
NH4t_e,5,mean_midpoint,-0.3000000000000093
NH4t_e,5,median_range,-1.8235413179468196e-14
NH4t_e,5,median_midpoint,-0.30000000000000915
NH4t_e,5,std_range,1.1303046950306312e-13
NH4t_e,5,frac_fixed,1.0
NH4t_e,5,frac_variable,0.0
NH4t_e,5,frac_bidirectional,0.0
NH4t_e,6,minimum,-0.3
NH4t_e,6,maximum,0.0
NH4t_e,6,mean_range,0.26035174922544346
NH4t_e,6,mean_midpoint,-0.14516145672161107
NH4t_e,6,median_range,0.3
NH4t_e,6,median_midpoint,-0.15
NH4t_e,6,std_range,0.07992405922315947
NH4t_e,6,frac_fixed,0.018740629685157422
NH4t_e,6,frac_variable,0.9812593703148426
NH4t_e,6,frac_bidirectional,0.0
NH4t_e,7,minimum,-0.3
NH4t_e,7,maximum,0.0
NH4t_e,7,mean_range,0.18541362972311767
NH4t_e,7,mean_midpoint,-0.17605508990034588
NH4t_e,7,median_range,0.167809733905708
NH4t_e,7,median_midpoint,-0.1713417721519277
NH4t_e,7,std_range,0.09102740960895737
NH4t_e,7,frac_fixed,0.01904761904761905
NH4t_e,7,frac_variable,0.9809523809523809
NH4t_e,7,frac_bidirectional,0.0
NH4t_e,8,minimum,-0.3
NH4t_e,8,maximum,0.0
NH4t_e,8,mean_range,0.2368833785998177
NH4t_e,8,mean_midpoint,-0.14758061553280488
NH4t_e,8,median_range,0.3
NH4t_e,8,median_midpoint,-0.15
NH4t_e,8,std_range,0.09468562615441302
NH4t_e,8,frac_fixed,0.026022304832713755
NH4t_e,8,frac_variable,0.9739776951672863
NH4t_e,8,frac_bidirectional,0.0
NH4t_e,9,minimum,-0.3
NH4t_e,9,maximum,0.0
NH4t_e,9,mean_range,0.24208859076115538
NH4t_e,9,mean_midpoint,-0.14803232544456965
NH4t_e,9,median_range,0.3
NH4t_e,9,median_midpoint,-0.15
NH4t_e,9,std_range,0.09372504351098881
NH4t_e,9,frac_fixed,0.025540275049115914
NH4t_e,9,frac_variable,0.9744597249508841
NH4t_e,9,frac_bidirectional,0.0
TPI_c,1,minimum,0.32371645005307914
TPI_c,1,maximum,83.40230838288223
TPI_c,1,mean_range,82.76188432144481
TPI_c,1,mean_midpoint,41.71914079611837
TPI_c,1,median_range,82.73229891639963
TPI_c,1,median_midpoint,41.70570095441811
TPI_c,1,std_range,0.07998129378002332
TPI_c,1,frac_fixed,0.0
TPI_c,1,frac_variable,1.0
TPI_c,1,frac_bidirectional,0.0
TPI_c,2,minimum,-0.5332966428192564
TPI_c,2,maximum,109.06768334553203
TPI_c,2,mean_range,109.60097998834858
TPI_c,2,mean_midpoint,54.267193351356475
TPI_c,2,median_range,109.60097998834861
TPI_c,2,median_midpoint,54.267193351356475
TPI_c,2,std_range,4.703619912429179e-13
TPI_c,2,frac_fixed,0.0
TPI_c,2,frac_variable,1.0
TPI_c,2,frac_bidirectional,1.0
TPI_c,3,minimum,-0.38078073521575667
TPI_c,3,maximum,103.49296697575082
TPI_c,3,mean_range,101.65136305854371
TPI_c,3,mean_midpoint,50.507871468613075
TPI_c,3,median_range,101.58521129065998
TPI_c,3,median_midpoint,50.476669977315915
TPI_c,3,std_range,1.312265013395905
TPI_c,3,frac_fixed,0.0
TPI_c,3,frac_variable,1.0
TPI_c,3,frac_bidirectional,1.0
TPI_c,4,minimum,0.04715769592025351
TPI_c,4,maximum,91.78244866481946
TPI_c,4,mean_range,89.24076084698623
TPI_c,4,mean_midpoint,44.74415795026695
TPI_c,4,median_range,89.37749242037057
TPI_c,4,median_midpoint,44.81615621358289
TPI_c,4,std_range,1.9435391766006642
TPI_c,4,frac_fixed,0.0
TPI_c,4,frac_variable,1.0
TPI_c,4,frac_bidirectional,0.0
TPI_c,5,minimum,-0.2495407776522589
TPI_c,5,maximum,98.9924371527687
TPI_c,5,mean_range,95.63308584904564
TPI_c,5,mean_midpoint,47.68011835603187
TPI_c,5,median_range,95.59813197708144
TPI_c,5,median_midpoint,47.6528629767883
TPI_c,5,std_range,2.1675724089773802
TPI_c,5,frac_fixed,0.0
TPI_c,5,frac_variable,1.0
TPI_c,5,frac_bidirectional,0.9285714285714286
TPI_c,6,minimum,-0.523847114472092
TPI_c,6,maximum,108.72228697877247
TPI_c,6,mean_range,104.64011014707698
TPI_c,6,mean_midpoint,51.920879556035096
TPI_c,6,median_range,104.63313745685664
TPI_c,6,median_midpoint,51.915565482459044
TPI_c,6,std_range,2.8450782694628667
TPI_c,6,frac_fixed,0.0
TPI_c,6,frac_variable,1.0
TPI_c,6,frac_bidirectional,1.0
TPI_c,7,minimum,0.04693672689797257
TPI_c,7,maximum,91.90525507647331
TPI_c,7,mean_range,89.2486506737166
TPI_c,7,mean_midpoint,44.74774509344427
TPI_c,7,median_range,90.14805059887347
TPI_c,7,median_midpoint,45.18592425320178
TPI_c,7,std_range,2.3462515858775506
TPI_c,7,frac_fixed,0.0
TPI_c,7,frac_variable,1.0
TPI_c,7,frac_bidirectional,0.0
TPI_c,8,minimum,-0.1248767882780788
TPI_c,8,maximum,94.7815666246546
TPI_c,8,mean_range,93.37396356469205
TPI_c,8,mean_midpoint,46.63147554813733
TPI_c,8,median_range,93.35968471126886
TPI_c,8,median_midpoint,46.62049862244334
TPI_c,8,std_range,0.8142061238756297
TPI_c,8,frac_fixed,0.0
TPI_c,8,frac_variable,1.0
TPI_c,8,frac_bidirectional,0.8513011152416357
TPI_c,9,minimum,-0.24954077765376653
TPI_c,9,maximum,99.27471664273452
TPI_c,9,mean_range,97.15842492232058
TPI_c,9,mean_midpoint,48.38983245731265
TPI_c,9,median_range,97.28928346355325
TPI_c,9,median_midpoint,48.45043002942574
TPI_c,9,std_range,1.3462708512398394
TPI_c,9,frac_fixed,0.0
TPI_c,9,frac_variable,1.0
TPI_c,9,frac_bidirectional,1.0
EX_nh4_e,1,minimum,-0.3
EX_nh4_e,1,maximum,0.0
EX_nh4_e,1,mean_range,-1.429290446681036e-13
EX_nh4_e,1,mean_midpoint,-0.2743696202532365
EX_nh4_e,1,median_range,-3.524958103184872e-14
EX_nh4_e,1,median_midpoint,-0.2999999999999581
EX_nh4_e,1,std_range,1.0916468657867875e-12
EX_nh4_e,1,frac_fixed,1.0
EX_nh4_e,1,frac_variable,0.0
EX_nh4_e,1,frac_bidirectional,0.0
EX_nh4_e,2,minimum,-0.3
EX_nh4_e,2,maximum,0.0
EX_nh4_e,2,mean_range,0.2749019607843138
EX_nh4_e,2,mean_midpoint,-0.1374509803921569
EX_nh4_e,2,median_range,0.3
EX_nh4_e,2,median_midpoint,-0.15
EX_nh4_e,2,std_range,0.06858149721944838
EX_nh4_e,2,frac_fixed,0.0196078431372549
EX_nh4_e,2,frac_variable,0.9803921568627451
EX_nh4_e,2,frac_bidirectional,0.0
EX_nh4_e,3,minimum,-0.3
EX_nh4_e,3,maximum,-0.2999999999998283
EX_nh4_e,3,mean_range,2.59530958815316e-14
EX_nh4_e,3,mean_midpoint,-0.299999999999987
EX_nh4_e,3,median_range,5.540012892879531e-14
EX_nh4_e,3,median_midpoint,-0.2999999999999723
EX_nh4_e,3,std_range,8.332759297082571e-14
EX_nh4_e,3,frac_fixed,1.0
EX_nh4_e,3,frac_variable,0.0
EX_nh4_e,3,frac_bidirectional,0.0
EX_nh4_e,4,minimum,-0.3
EX_nh4_e,4,maximum,-0.2999999999998515
EX_nh4_e,4,mean_range,2.192690473634684e-15
EX_nh4_e,4,mean_midpoint,-0.29999999999999893
EX_nh4_e,4,median_range,-6.716849298982197e-15
EX_nh4_e,4,median_midpoint,-0.3000000000000034
EX_nh4_e,4,std_range,1.0618290410861293e-13
EX_nh4_e,4,frac_fixed,1.0
EX_nh4_e,4,frac_variable,0.0
EX_nh4_e,4,frac_bidirectional,0.0
EX_nh4_e,5,minimum,-0.3
EX_nh4_e,5,maximum,-0.29999999999987637
EX_nh4_e,5,mean_range,-9.5994640807768e-14
EX_nh4_e,5,mean_midpoint,-0.30000000000004795
EX_nh4_e,5,median_range,-7.505107646466058e-14
EX_nh4_e,5,median_midpoint,-0.3000000000000375
EX_nh4_e,5,std_range,1.590277808595559e-13
EX_nh4_e,5,frac_fixed,1.0
EX_nh4_e,5,frac_variable,0.0
EX_nh4_e,5,frac_bidirectional,0.0
EX_nh4_e,6,minimum,-0.3
EX_nh4_e,6,maximum,0.0
EX_nh4_e,6,mean_range,0.26035174922544474
EX_nh4_e,6,mean_midpoint,-0.14516145672161043
EX_nh4_e,6,median_range,0.3
EX_nh4_e,6,median_midpoint,-0.15
EX_nh4_e,6,std_range,0.07992405922315621
EX_nh4_e,6,frac_fixed,0.018740629685157422
EX_nh4_e,6,frac_variable,0.9812593703148426
EX_nh4_e,6,frac_bidirectional,0.0
EX_nh4_e,7,minimum,-0.3
EX_nh4_e,7,maximum,0.0
EX_nh4_e,7,mean_range,0.18541362972311332
EX_nh4_e,7,mean_midpoint,-0.1760550899003481
EX_nh4_e,7,median_range,0.1678097339055215
EX_nh4_e,7,median_midpoint,-0.1713417721518472
EX_nh4_e,7,std_range,0.09102740960894116
EX_nh4_e,7,frac_fixed,0.01904761904761905
EX_nh4_e,7,frac_variable,0.9809523809523809
EX_nh4_e,7,frac_bidirectional,0.0
EX_nh4_e,8,minimum,-0.3
EX_nh4_e,8,maximum,0.0
EX_nh4_e,8,mean_range,0.23688337859982508
EX_nh4_e,8,mean_midpoint,-0.1475806155328012
EX_nh4_e,8,median_range,0.3
EX_nh4_e,8,median_midpoint,-0.15
EX_nh4_e,8,std_range,0.09468562615440608
EX_nh4_e,8,frac_fixed,0.026022304832713755
EX_nh4_e,8,frac_variable,0.9739776951672863
EX_nh4_e,8,frac_bidirectional,0.0
EX_nh4_e,9,minimum,-0.3
EX_nh4_e,9,maximum,0.0
EX_nh4_e,9,mean_range,0.24208859076116068
EX_nh4_e,9,mean_midpoint,-0.14803232544456696
EX_nh4_e,9,median_range,0.3
EX_nh4_e,9,median_midpoint,-0.15
EX_nh4_e,9,std_range,0.09372504351097778
EX_nh4_e,9,frac_fixed,0.025540275049115914
EX_nh4_e,9,frac_variable,0.9744597249508841
EX_nh4_e,9,frac_bidirectional,0.0
AIAL_c,1,minimum,0.01192513521798605
AIAL_c,1,maximum,0.012508470005780481
AIAL_c,1,mean_range,6.922934447928242e-15
AIAL_c,1,mean_midpoint,0.012458633031985389
AIAL_c,1,median_range,7.716050021144838e-15
AIAL_c,1,median_midpoint,0.01250847000575138
AIAL_c,1,std_range,2.508987112573673e-14
AIAL_c,1,frac_fixed,1.0
AIAL_c,1,frac_variable,0.0
AIAL_c,1,frac_bidirectional,0.0
AIAL_c,2,minimum,0.0
AIAL_c,2,maximum,0.22222222222222765
AIAL_c,2,mean_range,0.1416557734204784
AIAL_c,2,mean_midpoint,0.0708278867102392
AIAL_c,2,median_range,0.14444444444444418
AIAL_c,2,median_midpoint,0.07222222222222209
AIAL_c,2,std_range,0.061420044066029134
AIAL_c,2,frac_fixed,0.0
AIAL_c,2,frac_variable,1.0
AIAL_c,2,frac_bidirectional,0.0
AIAL_c,3,minimum,0.004037747886929566
AIAL_c,3,maximum,0.006754573803113839
AIAL_c,3,mean_range,3.81103441288493e-15
AIAL_c,3,mean_midpoint,0.00546135164254365
AIAL_c,3,median_range,2.5379004453540688e-15
AIAL_c,3,median_midpoint,0.005503726802531873
AIAL_c,3,std_range,1.5646091399952682e-14
AIAL_c,3,frac_fixed,1.0
AIAL_c,3,frac_variable,0.0
AIAL_c,3,frac_bidirectional,0.0
AIAL_c,4,minimum,0.011757961805404681
AIAL_c,4,maximum,0.012258300605637373
AIAL_c,4,mean_range,-4.806485071062738e-15
AIAL_c,4,mean_midpoint,0.01203440931933203
AIAL_c,4,median_range,-2.489328188026718e-15
AIAL_c,4,median_midpoint,0.012060687433148705
AIAL_c,4,std_range,9.612973497546214e-15
AIAL_c,4,frac_fixed,1.0
AIAL_c,4,frac_variable,0.0
AIAL_c,4,frac_bidirectional,0.0
AIAL_c,5,minimum,0.007004743203216313
AIAL_c,5,maximum,0.011574877275831699
AIAL_c,5,mean_range,2.115650164978357e-15
AIAL_c,5,mean_midpoint,0.00930934978236335
AIAL_c,5,median_range,1.569057384021022e-15
AIAL_c,5,median_midpoint,0.00933883977020589
AIAL_c,5,std_range,9.608831889880764e-15
AIAL_c,5,frac_fixed,1.0
AIAL_c,5,frac_variable,0.0
AIAL_c,5,frac_bidirectional,0.0
AIAL_c,6,minimum,0.000250169400033306
AIAL_c,6,maximum,0.2204071363767619
AIAL_c,6,mean_range,0.11398766412526268
AIAL_c,6,mean_midpoint,0.060415189285791156
AIAL_c,6,median_range,0.118000885968051
AIAL_c,6,median_midpoint,0.06244149443873594
AIAL_c,6,std_range,0.059867535572436834
AIAL_c,6,frac_fixed,0.0
AIAL_c,6,frac_variable,1.0
AIAL_c,6,frac_bidirectional,0.0
AIAL_c,7,minimum,0.011507792405246124
AIAL_c,7,maximum,0.028912392185179304
AIAL_c,7,mean_range,0.010432953469517314
AIAL_c,7,mean_midpoint,0.01718648688883066
AIAL_c,7,median_range,0.011436286919809996
AIAL_c,7,median_midpoint,0.01772627466542684
AIAL_c,7,std_range,0.00487689749041244
AIAL_c,7,frac_fixed,0.0
AIAL_c,7,frac_variable,1.0
AIAL_c,7,frac_bidirectional,0.0
AIAL_c,8,minimum,0.009756606604471684
AIAL_c,8,maximum,0.07176729577463892
AIAL_c,8,mean_range,0.03473872510090569
AIAL_c,8,mean_midpoint,0.028073636882509016
AIAL_c,8,median_range,0.03430886075949643
AIAL_c,8,median_midpoint,0.028161883984807838
AIAL_c,8,std_range,0.014266488377468918
AIAL_c,8,frac_fixed,0.0
AIAL_c,8,frac_variable,1.0
AIAL_c,8,frac_bidirectional,0.0
AIAL_c,9,minimum,0.006504404402982543
AIAL_c,9,maximum,0.13280389932139042
AIAL_c,9,mean_range,0.06995797672795318
AIAL_c,9,mean_midpoint,0.04328028731867539
AIAL_c,9,median_range,0.07421659634320771
AIAL_c,9,median_midpoint,0.04574379509693965
AIAL_c,9,std_range,0.03315107633796535
AIAL_c,9,frac_fixed,0.0
AIAL_c,9,frac_variable,1.0
AIAL_c,9,frac_bidirectional,0.0
PRAIS_c,1,minimum,0.01192513521800187
PRAIS_c,1,maximum,0.012508470005802862
PRAIS_c,1,mean_range,-2.4498298688814002e-15
PRAIS_c,1,mean_midpoint,0.012458633031981463
PRAIS_c,1,median_range,-8.881784197001252e-16
PRAIS_c,1,median_midpoint,0.012508470005746189
PRAIS_c,1,std_range,2.2806424979182127e-14
PRAIS_c,1,frac_fixed,1.0
PRAIS_c,1,frac_variable,0.0
PRAIS_c,1,frac_bidirectional,0.0
PRAIS_c,2,minimum,0.0
PRAIS_c,2,maximum,0.22222222222222315
PRAIS_c,2,mean_range,0.14165577342047925
PRAIS_c,2,mean_midpoint,0.07082788671023962
PRAIS_c,2,median_range,0.1444444444444404
PRAIS_c,2,median_midpoint,0.0722222222222202
PRAIS_c,2,std_range,0.06142004406602826
PRAIS_c,2,frac_fixed,0.0
PRAIS_c,2,frac_variable,1.0
PRAIS_c,2,frac_bidirectional,0.0
PRAIS_c,3,minimum,0.004037747886922016
PRAIS_c,3,maximum,0.006754573803103118
PRAIS_c,3,mean_range,4.540893804762818e-15
PRAIS_c,3,mean_midpoint,0.0054613516425397095
PRAIS_c,3,median_range,1.2177758801357186e-15
PRAIS_c,3,median_midpoint,0.0055037268025136
PRAIS_c,3,std_range,2.552086215184577e-14
PRAIS_c,3,frac_fixed,1.0
PRAIS_c,3,frac_variable,0.0
PRAIS_c,3,frac_bidirectional,0.0
PRAIS_c,4,minimum,0.011757961805404449
PRAIS_c,4,maximum,0.012258300605634412
PRAIS_c,4,mean_range,-8.468920009718772e-15
PRAIS_c,4,mean_midpoint,0.012034409319325387
PRAIS_c,4,median_range,-9.096022546284388e-15
PRAIS_c,4,median_midpoint,0.012060687433139301
PRAIS_c,4,std_range,1.2403900309893319e-14
PRAIS_c,4,frac_fixed,1.0
PRAIS_c,4,frac_variable,0.0
PRAIS_c,4,frac_bidirectional,0.0
PRAIS_c,5,minimum,0.0070047432032195045
PRAIS_c,5,maximum,0.011574877275833726
PRAIS_c,5,mean_range,4.406042742956449e-15
PRAIS_c,5,mean_midpoint,0.009309349782360133
PRAIS_c,5,median_range,1.844011054963346e-15
PRAIS_c,5,median_midpoint,0.009338839770196459
PRAIS_c,5,std_range,2.2255211256222062e-14
PRAIS_c,5,frac_fixed,1.0
PRAIS_c,5,frac_variable,0.0
PRAIS_c,5,frac_bidirectional,0.0
PRAIS_c,6,minimum,0.0002501693999797436
PRAIS_c,6,maximum,0.22040713637676806
PRAIS_c,6,mean_range,0.1139876641252609
PRAIS_c,6,mean_midpoint,0.06041518928579269
PRAIS_c,6,median_range,0.11800088596806291
PRAIS_c,6,median_midpoint,0.06244149443872992
PRAIS_c,6,std_range,0.05986753557243839
PRAIS_c,6,frac_fixed,0.0
PRAIS_c,6,frac_variable,1.0
PRAIS_c,6,frac_bidirectional,0.0
PRAIS_c,7,minimum,0.011507792405289763
PRAIS_c,7,maximum,0.02891239218515964
PRAIS_c,7,mean_range,0.010432953469510346
PRAIS_c,7,mean_midpoint,0.017186486888829244
PRAIS_c,7,median_range,0.011436286919804627
PRAIS_c,7,median_midpoint,0.017726274665428796
PRAIS_c,7,std_range,0.004876897490406214
PRAIS_c,7,frac_fixed,0.0
PRAIS_c,7,frac_variable,1.0
PRAIS_c,7,frac_bidirectional,0.0
PRAIS_c,8,minimum,0.009756606604482253
PRAIS_c,8,maximum,0.0717672957746629
PRAIS_c,8,mean_range,0.03473872510090422
PRAIS_c,8,mean_midpoint,0.028073636882510175
PRAIS_c,8,median_range,0.034308860759488455
PRAIS_c,8,median_midpoint,0.02816188398480457
PRAIS_c,8,std_range,0.014266488377467534
PRAIS_c,8,frac_fixed,0.0
PRAIS_c,8,frac_variable,1.0
PRAIS_c,8,frac_bidirectional,0.0
PRAIS_c,9,minimum,0.006504404402983893
PRAIS_c,9,maximum,0.13280389932138373
PRAIS_c,9,mean_range,0.06995797672795752
PRAIS_c,9,mean_midpoint,0.04328028731867507
PRAIS_c,9,median_range,0.07421659634318298
PRAIS_c,9,median_midpoint,0.04574379509689703
PRAIS_c,9,std_range,0.033151076337963735
PRAIS_c,9,frac_fixed,0.0
PRAIS_c,9,frac_variable,1.0
PRAIS_c,9,frac_bidirectional,0.0
PRAIC_c,1,minimum,-0.012508470005798265
PRAIC_c,1,maximum,-0.011925135217993654
PRAIC_c,1,mean_range,5.5979526569771565e-15
PRAIC_c,1,mean_midpoint,-0.01245863303198638
PRAIC_c,1,median_range,5.2648857495896095e-15
PRAIC_c,1,median_midpoint,-0.012508470005747174
PRAIC_c,1,std_range,1.3726108221427618e-14
PRAIC_c,1,frac_fixed,1.0
PRAIC_c,1,frac_variable,0.0
PRAIC_c,1,frac_bidirectional,0.0
PRAIC_c,2,minimum,-0.22222222222222326
PRAIC_c,2,maximum,0.0
PRAIC_c,2,mean_range,0.1416557734204819
PRAIC_c,2,mean_midpoint,-0.07082788671024096
PRAIC_c,2,median_range,0.14444444444444446
PRAIC_c,2,median_midpoint,-0.07222222222222223
PRAIC_c,2,std_range,0.06142004406602727
PRAIC_c,2,frac_fixed,0.0
PRAIC_c,2,frac_variable,1.0
PRAIC_c,2,frac_bidirectional,0.0
PRAIC_c,3,minimum,-0.006754573803104582
PRAIC_c,3,maximum,-0.00403774788692568
PRAIC_c,3,mean_range,3.2717905182496685e-15
PRAIC_c,3,mean_midpoint,-0.005461351642540944
PRAIC_c,3,median_range,2.0903417885520525e-15
PRAIC_c,3,median_midpoint,-0.005503726802525527
PRAIC_c,3,std_range,1.1521080490941364e-14
PRAIC_c,3,frac_fixed,1.0
PRAIC_c,3,frac_variable,0.0
PRAIC_c,3,frac_bidirectional,0.0
PRAIC_c,4,minimum,-0.012258300605635241
PRAIC_c,4,maximum,-0.01175796180540098
PRAIC_c,4,mean_range,-6.506514077520009e-15
PRAIC_c,4,mean_midpoint,-0.012034409319328688
PRAIC_c,4,median_range,-1.908195823574488e-15
PRAIC_c,4,median_midpoint,-0.012060687433138012
PRAIC_c,4,std_range,1.0403220816071712e-14
PRAIC_c,4,frac_fixed,1.0
PRAIC_c,4,frac_variable,0.0
PRAIC_c,4,frac_bidirectional,0.0
PRAIC_c,5,minimum,-0.011574877275845653
PRAIC_c,5,maximum,-0.007004743203221864
PRAIC_c,5,mean_range,3.6367238585656636e-17
PRAIC_c,5,mean_midpoint,-0.009309349782364987
PRAIC_c,5,median_range,-5.473052566706826e-16
PRAIC_c,5,median_midpoint,-0.00933883977020522
PRAIC_c,5,std_range,6.536588312990388e-15
PRAIC_c,5,frac_fixed,1.0
PRAIC_c,5,frac_variable,0.0
PRAIC_c,5,frac_bidirectional,0.0
PRAIC_c,6,minimum,-0.22040713637684217
PRAIC_c,6,maximum,-0.0002501694000289323
PRAIC_c,6,mean_range,0.11398766412525886
PRAIC_c,6,mean_midpoint,-0.06041518928579271
PRAIC_c,6,median_range,0.11800088596805146
PRAIC_c,6,median_midpoint,-0.06244149443874003
PRAIC_c,6,std_range,0.059867535572441344
PRAIC_c,6,frac_fixed,0.0
PRAIC_c,6,frac_variable,1.0
PRAIC_c,6,frac_bidirectional,0.0
PRAIC_c,7,minimum,-0.028912392185154668
PRAIC_c,7,maximum,-0.011507792405278439
PRAIC_c,7,mean_range,0.01043295346949276
PRAIC_c,7,mean_midpoint,-0.01718648688884637
PRAIC_c,7,median_range,0.011436286919805083
PRAIC_c,7,median_midpoint,-0.01772627466542089
PRAIC_c,7,std_range,0.004876897490442868
PRAIC_c,7,frac_fixed,0.0
PRAIC_c,7,frac_variable,1.0
PRAIC_c,7,frac_bidirectional,0.0
PRAIC_c,8,minimum,-0.07176729577466699
PRAIC_c,8,maximum,-0.009756606604474883
PRAIC_c,8,mean_range,0.034738725100901854
PRAIC_c,8,mean_midpoint,-0.0280736368825145
PRAIC_c,8,median_range,0.034308860759493076
PRAIC_c,8,median_midpoint,-0.02816188398480645
PRAIC_c,8,std_range,0.014266488377473203
PRAIC_c,8,frac_fixed,0.0
PRAIC_c,8,frac_variable,1.0
PRAIC_c,8,frac_bidirectional,0.0
PRAIC_c,9,minimum,-0.13280389932138065
PRAIC_c,9,maximum,-0.006504404402986608
PRAIC_c,9,mean_range,0.06995797672795119
PRAIC_c,9,mean_midpoint,-0.04328028731867635
PRAIC_c,9,median_range,0.07421659634320368
PRAIC_c,9,median_midpoint,-0.045743795096937476
PRAIC_c,9,std_range,0.03315107633796364
PRAIC_c,9,frac_fixed,0.0
PRAIC_c,9,frac_variable,1.0
PRAIC_c,9,frac_bidirectional,0.0
NO3t_e,1,minimum,0.6293648605149471
NO3t_e,1,maximum,2.0
NO3t_e,1,mean_range,0.0
NO3t_e,1,mean_midpoint,1.2768513776009112
NO3t_e,1,median_range,0.0
NO3t_e,1,median_midpoint,1.28
NO3t_e,1,std_range,0.0
NO3t_e,1,frac_fixed,1.0
NO3t_e,1,frac_variable,0.0
NO3t_e,1,frac_bidirectional,0.0
NO3t_e,2,minimum,0.0
NO3t_e,2,maximum,2.0
NO3t_e,2,mean_range,0.0
NO3t_e,2,mean_midpoint,1.0
NO3t_e,2,median_range,0.0
NO3t_e,2,median_midpoint,1.0
NO3t_e,2,std_range,0.0
NO3t_e,2,frac_fixed,1.0
NO3t_e,2,frac_variable,0.0
NO3t_e,2,frac_bidirectional,0.0
NO3t_e,3,minimum,0.0
NO3t_e,3,maximum,0.2018570246780704
NO3t_e,3,mean_range,0.0
NO3t_e,3,mean_midpoint,0.1057721132289606
NO3t_e,3,median_range,0.0
NO3t_e,3,median_midpoint,0.1089205386265755
NO3t_e,3,std_range,0.0
NO3t_e,3,frac_fixed,1.0
NO3t_e,3,frac_variable,0.0
NO3t_e,3,frac_bidirectional,0.0
NO3t_e,4,minimum,0.5736029688840502
NO3t_e,4,maximum,0.6107775633046482
NO3t_e,4,mean_range,0.0
NO3t_e,4,mean_midpoint,0.5941426995707618
NO3t_e,4,median_range,0.0
NO3t_e,4,median_midpoint,0.5960951330471744
NO3t_e,4,std_range,0.0
NO3t_e,4,frac_fixed,1.0
NO3t_e,4,frac_variable,0.0
NO3t_e,4,frac_bidirectional,0.0
NO3t_e,5,minimum,0.2204443218883694
NO3t_e,5,maximum,0.56
NO3t_e,5,mean_range,0.0
NO3t_e,5,mean_midpoint,0.391673926387148
NO3t_e,5,median_range,0.0
NO3t_e,5,median_midpoint,0.3938649983905301
NO3t_e,5,std_range,0.0
NO3t_e,5,frac_fixed,1.0
NO3t_e,5,frac_variable,0.0
NO3t_e,5,frac_bidirectional,0.0
NO3t_e,6,minimum,0.0
NO3t_e,6,maximum,2.0
NO3t_e,6,mean_range,0.0
NO3t_e,6,mean_midpoint,1.0204197901049474
NO3t_e,6,median_range,0.0
NO3t_e,6,median_midpoint,1.04
NO3t_e,6,std_range,0.0
NO3t_e,6,frac_fixed,1.0
NO3t_e,6,frac_variable,0.0
NO3t_e,6,frac_bidirectional,0.0
NO3t_e,7,minimum,0.5999999999999999
NO3t_e,7,maximum,2.0
NO3t_e,7,mean_range,0.0
NO3t_e,7,mean_midpoint,1.2937142857142858
NO3t_e,7,median_range,0.0
NO3t_e,7,median_midpoint,1.28
NO3t_e,7,std_range,0.0
NO3t_e,7,frac_fixed,1.0
NO3t_e,7,frac_variable,0.0
NO3t_e,7,frac_bidirectional,0.0
NO3t_e,8,minimum,0.48
NO3t_e,8,maximum,2.0
NO3t_e,8,mean_range,0.0
NO3t_e,8,mean_midpoint,1.265278810408922
NO3t_e,8,median_range,0.0
NO3t_e,8,median_midpoint,1.28
NO3t_e,8,std_range,0.0
NO3t_e,8,frac_fixed,1.0
NO3t_e,8,frac_variable,0.0
NO3t_e,8,frac_bidirectional,0.0
NO3t_e,9,minimum,0.24
NO3t_e,9,maximum,2.0
NO3t_e,9,mean_range,0.0
NO3t_e,9,mean_midpoint,1.1683300589390964
NO3t_e,9,median_range,0.0
NO3t_e,9,median_midpoint,1.1600000000000001
NO3t_e,9,std_range,0.0
NO3t_e,9,frac_fixed,1.0
NO3t_e,9,frac_variable,0.0
NO3t_e,9,frac_bidirectional,0.0
PHOt_e,1,minimum,99.9999999999873
PHOt_e,1,maximum,100.0
PHOt_e,1,mean_range,-5.313329263746989e-12
PHOt_e,1,mean_midpoint,100.00000000000266
PHOt_e,1,median_range,-2.0321522242738865e-12
PHOt_e,1,median_midpoint,100.00000000000102
PHOt_e,1,std_range,1.2729093910796426e-11
PHOt_e,1,frac_fixed,1.0
PHOt_e,1,frac_variable,0.0
PHOt_e,1,frac_bidirectional,0.0
PHOt_e,2,minimum,0.6153846152101557
PHOt_e,2,maximum,100.0
PHOt_e,2,mean_range,99.38461538461893
PHOt_e,2,mean_midpoint,50.30769230769054
PHOt_e,2,median_range,99.38461538461549
PHOt_e,2,median_midpoint,50.30769230769226
PHOt_e,2,std_range,2.4221607050946634e-11
PHOt_e,2,frac_fixed,0.0
PHOt_e,2,frac_variable,1.0
PHOt_e,2,frac_bidirectional,0.0
PHOt_e,3,minimum,29.404619367412838
PHOt_e,3,maximum,100.0
PHOt_e,3,mean_range,58.73100265061498
PHOt_e,3,mean_midpoint,70.63449867469251
PHOt_e,3,median_range,58.377846153879005
PHOt_e,3,median_midpoint,70.8110769230605
PHOt_e,3,std_range,7.005631592380862
PHOt_e,3,frac_fixed,0.0
PHOt_e,3,frac_variable,1.0
PHOt_e,3,frac_bidirectional,0.0
PHOt_e,4,minimum,93.74523076925138
PHOt_e,4,maximum,100.0
PHOt_e,4,mean_range,3.9508431667438586
PHOt_e,4,mean_midpoint,98.02457841662807
PHOt_e,4,median_range,3.73184017965243
PHOt_e,4,median_midpoint,98.13407991017378
PHOt_e,4,std_range,1.5222808687609124
PHOt_e,4,frac_fixed,0.0
PHOt_e,4,frac_variable,1.0
PHOt_e,4,frac_bidirectional,0.0
PHOt_e,5,minimum,54.1316923077414
PHOt_e,5,maximum,100.0
PHOt_e,5,mean_range,26.661612397508556
PHOt_e,5,mean_midpoint,86.66919380124571
PHOt_e,5,median_range,26.41584150724463
PHOt_e,5,median_midpoint,86.79207924637768
PHOt_e,5,std_range,11.49094369259369
PHOt_e,5,frac_fixed,0.0
PHOt_e,5,frac_variable,1.0
PHOt_e,5,frac_bidirectional,0.0
PHOt_e,6,minimum,2.3990981580166713
PHOt_e,6,maximum,100.0
PHOt_e,6,mean_range,74.079366266968
PHOt_e,6,mean_midpoint,62.960316866516
PHOt_e,6,median_range,74.41262578761162
PHOt_e,6,median_midpoint,62.79368710619419
PHOt_e,6,std_range,14.720457705143003
PHOt_e,6,frac_fixed,0.0
PHOt_e,6,frac_variable,1.0
PHOt_e,6,frac_bidirectional,0.0
PHOt_e,7,minimum,93.74523076919976
PHOt_e,7,maximum,100.0
PHOt_e,7,mean_range,3.981331379728429
PHOt_e,7,mean_midpoint,98.0093343101358
PHOt_e,7,median_range,4.1698461538432525
PHOt_e,7,median_midpoint,97.91507692307837
PHOt_e,7,std_range,1.7457749275216934
PHOt_e,7,frac_fixed,0.0
PHOt_e,7,frac_variable,1.0
PHOt_e,7,frac_bidirectional,0.0
PHOt_e,8,minimum,77.3899487179419
PHOt_e,8,maximum,100.0
PHOt_e,8,mean_range,14.485635306450117
PHOt_e,8,mean_midpoint,92.75718234677495
PHOt_e,8,median_range,14.594461538452094
PHOt_e,8,median_midpoint,92.70276923077395
PHOt_e,8,std_range,4.275558729717898
PHOt_e,8,frac_fixed,0.0
PHOt_e,8,frac_variable,1.0
PHOt_e,8,frac_bidirectional,0.0
PHOt_e,9,minimum,54.13169230767423
PHOt_e,9,maximum,100.0
PHOt_e,9,mean_range,34.56163618961158
PHOt_e,9,mean_midpoint,82.7191819051942
PHOt_e,9,median_range,35.44369230767231
PHOt_e,9,median_midpoint,82.27815384616385
PHOt_e,9,std_range,7.203574307316441
PHOt_e,9,frac_fixed,0.0
PHOt_e,9,frac_variable,1.0
PHOt_e,9,frac_bidirectional,0.0
CA_h,1,minimum,-900.7355611540077
CA_h,1,maximum,7.53417603751309
CA_h,1,mean_range,901.0708417470099
CA_h,1,mean_midpoint,-443.03126293840523
CA_h,1,median_range,900.4311754709087
CA_h,1,median_midpoint,-442.68141169795337
CA_h,1,std_range,1.7292761841601998
CA_h,1,frac_fixed,0.0
CA_h,1,frac_variable,1.0
CA_h,1,frac_bidirectional,1.0
CA_h,2,minimum,-1000.0
CA_h,2,maximum,20.0
CA_h,2,mean_range,1020.0
CA_h,2,mean_midpoint,-490.0
CA_h,2,median_range,1020.0
CA_h,2,median_midpoint,-490.0
CA_h,2,std_range,0.0
CA_h,2,frac_fixed,0.0
CA_h,2,frac_variable,1.0
CA_h,2,frac_bidirectional,1.0
CA_h,3,minimum,-999.9521079970764
CA_h,3,maximum,19.520360387960014
CA_h,3,mean_range,1016.5524386957999
CA_h,3,mean_midpoint,-490.5125667732804
CA_h,3,median_range,1016.4846026035437
CA_h,3,median_midpoint,-490.5175423262819
CA_h,3,std_range,1.8781001150684462
CA_h,3,frac_fixed,0.0
CA_h,3,frac_variable,1.0
CA_h,3,frac_bidirectional,1.0
CA_h,4,minimum,-993.1512696677886
CA_h,4,maximum,8.626024209428753
CA_h,4,mean_range,977.3193478911077
CA_h,4,mean_midpoint,-480.43582883633627
CA_h,4,median_range,981.0220150769128
CA_h,4,median_midpoint,-482.3253921388074
CA_h,4,std_range,21.329688865633795
CA_h,4,frac_fixed,0.0
CA_h,4,frac_variable,1.0
CA_h,4,frac_bidirectional,1.0
CA_h,5,minimum,-997.5027578478208
CA_h,5,maximum,15.541062631617148
CA_h,5,mean_range,1007.6156364818329
CA_h,5,mean_midpoint,-491.6195244121997
CA_h,5,median_range,1007.5544123067975
CA_h,5,median_midpoint,-491.6318147064217
CA_h,5,std_range,3.2551427706225855
CA_h,5,frac_fixed,0.0
CA_h,5,frac_variable,1.0
CA_h,5,frac_bidirectional,1.0
CA_h,6,minimum,-1000.0
CA_h,6,maximum,19.970282653257268
CA_h,6,mean_range,1018.4719304024864
CA_h,6,mean_midpoint,-490.2914716495985
CA_h,6,median_range,1019.5839571456017
CA_h,6,median_midpoint,-490.1931627538278
CA_h,6,std_range,1.9469897497513164
CA_h,6,frac_fixed,0.0
CA_h,6,frac_variable,1.0
CA_h,6,frac_bidirectional,1.0
CA_h,7,minimum,-993.2970921415158
CA_h,7,maximum,8.626024209437913
CA_h,7,mean_range,977.1748530562404
CA_h,7,mean_midpoint,-480.3948451355229
CA_h,7,median_range,990.4809595960083
CA_h,7,median_midpoint,-486.9784049792185
CA_h,7,std_range,25.940299583529267
CA_h,7,frac_fixed,0.0
CA_h,7,frac_variable,1.0
CA_h,7,frac_bidirectional,1.0
CA_h,8,minimum,-995.0287865452842
CA_h,8,maximum,11.45761933455325
CA_h,8,mean_range,1004.1705400683378
CA_h,8,mean_midpoint,-492.0622396552296
CA_h,8,median_range,1004.216370116472
CA_h,8,median_midpoint,-492.07220920145056
CA_h,8,std_range,1.2314012119255735
CA_h,8,frac_fixed,0.0
CA_h,8,frac_variable,1.0
CA_h,8,frac_bidirectional,1.0
CA_h,9,minimum,-997.8650791481396
CA_h,9,maximum,15.541062631641179
CA_h,9,mean_range,1009.8624196843208
CA_h,9,mean_midpoint,-491.4000853097697
CA_h,9,median_range,1010.1022336140044
CA_h,9,median_midpoint,-491.39954918843273
CA_h,9,std_range,2.031464201871097
CA_h,9,frac_fixed,0.0
CA_h,9,frac_variable,1.0
CA_h,9,frac_bidirectional,1.0
CA_m,1,minimum,-225.8845344228767
CA_m,1,maximum,902.6085004236534
CA_m,1,mean_range,1119.926681069068
CA_m,1,mean_midpoint,335.78375898325737
CA_m,1,median_range,1119.1264507078085
CA_m,1,median_midpoint,335.5429128554749
CA_m,1,std_range,2.163345727858259
CA_m,1,frac_fixed,0.0
CA_m,1,frac_variable,1.0
CA_m,1,frac_bidirectional,1.0
CA_m,2,minimum,-302.6290602838708
CA_m,2,maximum,1000.0
CA_m,2,mean_range,1302.6290602838649
CA_m,2,mean_midpoint,348.6854698580676
CA_m,2,median_range,1302.6290602838649
CA_m,2,median_midpoint,348.68546985806756
CA_m,2,std_range,1.0443864527229363e-12
CA_m,2,frac_fixed,0.0
CA_m,2,frac_variable,1.0
CA_m,2,frac_bidirectional,1.0
CA_m,3,minimum,-285.62302862784236
CA_m,3,maximum,1000.0
CA_m,3,mean_range,1278.8575176439344
CA_m,3,mean_midpoint,360.57124117803284
CA_m,3,median_range,1278.6561346332787
CA_m,3,median_midpoint,360.6719326833607
CA_m,3,std_range,3.994872513291728
CA_m,3,frac_fixed,0.0
CA_m,3,frac_variable,1.0
CA_m,3,frac_bidirectional,1.0
CA_m,4,minimum,-248.93361146566014
CA_m,4,maximum,998.2956313566428
CA_m,4,mean_range,1214.858882001255
CA_m,4,mean_midpoint,364.4439229581279
CA_m,4,median_range,1218.7193800841144
CA_m,4,median_midpoint,365.4277731466954
CA_m,4,std_range,27.194851299566658
CA_m,4,frac_fixed,0.0
CA_m,4,frac_variable,1.0
CA_m,4,frac_bidirectional,1.0
CA_m,5,minimum,-271.52272907301716
CA_m,5,maximum,1000.0
CA_m,5,mean_range,1260.527237419776
CA_m,5,mean_midpoint,369.6932638935679
CA_m,5,median_range,1260.430207085013
CA_m,5,median_midpoint,369.78489645749346
CA_m,5,std_range,6.624071347027811
CA_m,5,frac_fixed,0.0
CA_m,5,frac_variable,1.0
CA_m,5,frac_bidirectional,1.0
CA_m,6,minimum,-301.5754064013615
CA_m,6,maximum,1000.0
CA_m,6,mean_range,1287.8101158371587
CA_m,6,mean_midpoint,356.0949420814206
CA_m,6,median_range,1287.8779059284811
CA_m,6,median_midpoint,356.06104703575943
CA_m,6,std_range,8.547995146927613
CA_m,6,frac_fixed,0.0
CA_m,6,frac_variable,1.0
CA_m,6,frac_bidirectional,1.0
CA_m,7,minimum,-249.10382818183018
CA_m,7,maximum,999.1931149952666
CA_m,7,mean_range,1214.8909545214342
CA_m,7,mean_midpoint,364.5206334581007
CA_m,7,median_range,1230.4085993302715
CA_m,7,median_midpoint,368.93535833636093
CA_m,7,std_range,32.939718547250216
CA_m,7,frac_fixed,0.0
CA_m,7,frac_variable,1.0
CA_m,7,frac_bidirectional,1.0
CA_m,8,minimum,-258.2992925634896
CA_m,8,maximum,1000.0
CA_m,8,mean_range,1253.634333481981
CA_m,8,mean_midpoint,373.12326076366844
CA_m,8,median_range,1253.6892151724649
CA_m,8,median_midpoint,373.1553924137676
CA_m,8,std_range,2.514123267843837
CA_m,8,frac_fixed,0.0
CA_m,8,frac_variable,1.0
CA_m,8,frac_bidirectional,1.0
CA_m,9,minimum,-272.00868882115736
CA_m,9,maximum,1000.0
CA_m,9,mean_range,1265.135990654217
CA_m,9,mean_midpoint,367.4320046728916
CA_m,9,median_range,1265.5782244394995
CA_m,9,median_midpoint,367.21088778025023
CA_m,9,std_range,4.1000393023883115
CA_m,9,frac_fixed,0.0
CA_m,9,frac_variable,1.0
CA_m,9,frac_bidirectional,1.0
CO2t_e,1,minimum,0.0
CO2t_e,1,maximum,5.0
CO2t_e,1,mean_range,5.0
CO2t_e,1,mean_midpoint,2.5
CO2t_e,1,median_range,5.0
CO2t_e,1,median_midpoint,2.5
CO2t_e,1,std_range,0.0
CO2t_e,1,frac_fixed,0.0
CO2t_e,1,frac_variable,1.0
CO2t_e,1,frac_bidirectional,0.0
CO2t_e,2,minimum,0.0
CO2t_e,2,maximum,5.0
CO2t_e,2,mean_range,5.0
CO2t_e,2,mean_midpoint,2.5
CO2t_e,2,median_range,5.0
CO2t_e,2,median_midpoint,2.5
CO2t_e,2,std_range,0.0
CO2t_e,2,frac_fixed,0.0
CO2t_e,2,frac_variable,1.0
CO2t_e,2,frac_bidirectional,0.0
CO2t_e,3,minimum,0.0
CO2t_e,3,maximum,5.0
CO2t_e,3,mean_range,5.0
CO2t_e,3,mean_midpoint,2.5
CO2t_e,3,median_range,5.0
CO2t_e,3,median_midpoint,2.5
CO2t_e,3,std_range,0.0
CO2t_e,3,frac_fixed,0.0
CO2t_e,3,frac_variable,1.0
CO2t_e,3,frac_bidirectional,0.0
CO2t_e,4,minimum,0.0
CO2t_e,4,maximum,5.0
CO2t_e,4,mean_range,5.0
CO2t_e,4,mean_midpoint,2.5
CO2t_e,4,median_range,5.0
CO2t_e,4,median_midpoint,2.5
CO2t_e,4,std_range,0.0
CO2t_e,4,frac_fixed,0.0
CO2t_e,4,frac_variable,1.0
CO2t_e,4,frac_bidirectional,0.0
CO2t_e,5,minimum,0.0
CO2t_e,5,maximum,5.0
CO2t_e,5,mean_range,5.0
CO2t_e,5,mean_midpoint,2.5
CO2t_e,5,median_range,5.0
CO2t_e,5,median_midpoint,2.5
CO2t_e,5,std_range,0.0
CO2t_e,5,frac_fixed,0.0
CO2t_e,5,frac_variable,1.0
CO2t_e,5,frac_bidirectional,0.0
CO2t_e,6,minimum,0.0
CO2t_e,6,maximum,5.0
CO2t_e,6,mean_range,5.0
CO2t_e,6,mean_midpoint,2.5
CO2t_e,6,median_range,5.0
CO2t_e,6,median_midpoint,2.5
CO2t_e,6,std_range,0.0
CO2t_e,6,frac_fixed,0.0
CO2t_e,6,frac_variable,1.0
CO2t_e,6,frac_bidirectional,0.0
CO2t_e,7,minimum,0.0
CO2t_e,7,maximum,5.0
CO2t_e,7,mean_range,5.0
CO2t_e,7,mean_midpoint,2.5
CO2t_e,7,median_range,5.0
CO2t_e,7,median_midpoint,2.5
CO2t_e,7,std_range,0.0
CO2t_e,7,frac_fixed,0.0
CO2t_e,7,frac_variable,1.0
CO2t_e,7,frac_bidirectional,0.0
CO2t_e,8,minimum,0.0
CO2t_e,8,maximum,5.0
CO2t_e,8,mean_range,5.0
CO2t_e,8,mean_midpoint,2.5
CO2t_e,8,median_range,5.0
CO2t_e,8,median_midpoint,2.5
CO2t_e,8,std_range,0.0
CO2t_e,8,frac_fixed,0.0
CO2t_e,8,frac_variable,1.0
CO2t_e,8,frac_bidirectional,0.0
CO2t_e,9,minimum,0.0
CO2t_e,9,maximum,5.0
CO2t_e,9,mean_range,5.0
CO2t_e,9,mean_midpoint,2.5
CO2t_e,9,median_range,5.0
CO2t_e,9,median_midpoint,2.5
CO2t_e,9,std_range,0.0
CO2t_e,9,frac_fixed,0.0
CO2t_e,9,frac_variable,1.0
CO2t_e,9,frac_bidirectional,0.0
NAHCO3CLt_e,1,minimum,3.5993920012053287
NAHCO3CLt_e,1,maximum,9.020043374639995
NAHCO3CLt_e,1,mean_range,4.9999999999998215
NAHCO3CLt_e,1,mean_midpoint,6.484105193165654
NAHCO3CLt_e,1,median_range,5.000000000000013
NAHCO3CLt_e,1,median_midpoint,6.520043374639192
NAHCO3CLt_e,1,std_range,1.1052875449778194e-12
NAHCO3CLt_e,1,frac_fixed,0.0
NAHCO3CLt_e,1,frac_variable,1.0
NAHCO3CLt_e,1,frac_bidirectional,0.0
NAHCO3CLt_e,2,minimum,0.0
NAHCO3CLt_e,2,maximum,20.0
NAHCO3CLt_e,2,mean_range,20.0
NAHCO3CLt_e,2,mean_midpoint,10.0
NAHCO3CLt_e,2,median_range,20.0
NAHCO3CLt_e,2,median_midpoint,10.0
NAHCO3CLt_e,2,std_range,0.0
NAHCO3CLt_e,2,frac_fixed,0.0
NAHCO3CLt_e,2,frac_variable,1.0
NAHCO3CLt_e,2,frac_bidirectional,0.0
NAHCO3CLt_e,3,minimum,0.0
NAHCO3CLt_e,3,maximum,20.0
NAHCO3CLt_e,3,mean_range,18.412400504505165
NAHCO3CLt_e,3,mean_midpoint,9.206200252252582
NAHCO3CLt_e,3,median_range,18.378540603828288
NAHCO3CLt_e,3,median_midpoint,9.189270301914144
NAHCO3CLt_e,3,std_range,1.0875271597723664
NAHCO3CLt_e,3,frac_fixed,0.0
NAHCO3CLt_e,3,frac_variable,1.0
NAHCO3CLt_e,3,frac_bidirectional,0.0
NAHCO3CLt_e,4,minimum,3.4788407721604226
NAHCO3CLt_e,4,maximum,10.022739506338354
NAHCO3CLt_e,4,mean_range,5.975208123438941
NAHCO3CLt_e,4,mean_midpoint,6.6657952392684585
NAHCO3CLt_e,4,median_range,5.921150424092993
NAHCO3CLt_e,4,median_midpoint,6.657715927490666
NAHCO3CLt_e,4,std_range,0.37575287267109564
NAHCO3CLt_e,4,frac_fixed,0.0
NAHCO3CLt_e,4,frac_variable,1.0
NAHCO3CLt_e,4,frac_bidirectional,0.0
NAHCO3CLt_e,5,minimum,0.05122428979825984
NAHCO3CLt_e,5,maximum,16.373148340431925
NAHCO3CLt_e,5,mean_range,11.581030908247639
NAHCO3CLt_e,5,mean_midpoint,7.50362575362722
NAHCO3CLt_e,5,median_range,11.520365941663659
NAHCO3CLt_e,5,median_midpoint,7.494558938262596
NAHCO3CLt_e,5,std_range,2.8363721772860138
NAHCO3CLt_e,5,frac_fixed,0.0
NAHCO3CLt_e,5,frac_variable,1.0
NAHCO3CLt_e,5,frac_bidirectional,0.0
NAHCO3CLt_e,6,minimum,0.0
NAHCO3CLt_e,6,maximum,20.0
NAHCO3CLt_e,6,mean_range,19.350912797503494
NAHCO3CLt_e,6,mean_midpoint,9.675456398751747
NAHCO3CLt_e,6,median_range,20.0
NAHCO3CLt_e,6,median_midpoint,10.0
NAHCO3CLt_e,6,std_range,1.0448208399367214
NAHCO3CLt_e,6,frac_fixed,0.0
NAHCO3CLt_e,6,frac_variable,1.0
NAHCO3CLt_e,6,frac_bidirectional,0.0
NAHCO3CLt_e,7,minimum,3.2984399046676782
NAHCO3CLt_e,7,maximum,10.022739506339764
NAHCO3CLt_e,7,mean_range,5.982733694996955
NAHCO3CLt_e,7,mean_midpoint,6.62311883115338
NAHCO3CLt_e,7,median_range,6.029265822784517
NAHCO3CLt_e,7,median_midpoint,6.6738745510454525
NAHCO3CLt_e,7,std_range,0.4309191276783749
NAHCO3CLt_e,7,frac_fixed,0.0
NAHCO3CLt_e,7,frac_variable,1.0
NAHCO3CLt_e,7,frac_bidirectional,0.0
NAHCO3CLt_e,8,minimum,2.035633832218208
NAHCO3CLt_e,8,maximum,12.616595857536616
NAHCO3CLt_e,8,mean_range,8.57556820855477
NAHCO3CLt_e,8,mean_midpoint,7.006795200344362
NAHCO3CLt_e,8,median_range,8.602430379746195
NAHCO3CLt_e,8,median_midpoint,7.012283668470008
NAHCO3CLt_e,8,std_range,1.0553594332846656
NAHCO3CLt_e,8,frac_fixed,0.0
NAHCO3CLt_e,8,frac_variable,1.0
NAHCO3CLt_e,8,frac_bidirectional,0.0
NAHCO3CLt_e,9,minimum,0.0
NAHCO3CLt_e,9,maximum,16.37314834043338
NAHCO3CLt_e,9,mean_range,13.528551441532871
NAHCO3CLt_e,9,mean_midpoint,7.752950946173108
NAHCO3CLt_e,9,median_range,13.748759493669047
NAHCO3CLt_e,9,median_midpoint,7.750692785894155
NAHCO3CLt_e,9,std_range,1.774666238414059
NAHCO3CLt_e,9,frac_fixed,0.0
NAHCO3CLt_e,9,frac_variable,1.0
NAHCO3CLt_e,9,frac_bidirectional,0.0
NH4t_e,1,minimum,-0.3
NH4t_e,1,maximum,0.0
NH4t_e,1,mean_range,-4.7171881785328214e-14
NH4t_e,1,mean_midpoint,-0.2743696202531886
NH4t_e,1,median_range,-1.1157741397482823e-14
NH4t_e,1,median_midpoint,-0.2999999999999964
NH4t_e,1,std_range,2.5575037501512494e-13
NH4t_e,1,frac_fixed,1.0
NH4t_e,1,frac_variable,0.0
NH4t_e,1,frac_bidirectional,0.0
NH4t_e,2,minimum,-0.3
NH4t_e,2,maximum,0.0
NH4t_e,2,mean_range,0.2749019607843138
NH4t_e,2,mean_midpoint,-0.1374509803921569
NH4t_e,2,median_range,0.3
NH4t_e,2,median_midpoint,-0.15
NH4t_e,2,std_range,0.06858149721944838
NH4t_e,2,frac_fixed,0.0196078431372549
NH4t_e,2,frac_variable,0.9803921568627451
NH4t_e,2,frac_bidirectional,0.0
NH4t_e,3,minimum,-0.3
NH4t_e,3,maximum,-0.2999999999997347
NH4t_e,3,mean_range,4.4007281479038925e-14
NH4t_e,3,mean_midpoint,-0.29999999999997806
NH4t_e,3,median_range,1.5376588891058418e-14
NH4t_e,3,median_midpoint,-0.2999999999999923
NH4t_e,3,std_range,1.0358603500584116e-13
NH4t_e,3,frac_fixed,1.0
NH4t_e,3,frac_variable,0.0
NH4t_e,3,frac_bidirectional,0.0
NH4t_e,4,minimum,-0.3
NH4t_e,4,maximum,-0.2999999999999525
NH4t_e,4,mean_range,-1.6667223157185163e-14
NH4t_e,4,mean_midpoint,-0.30000000000000837
NH4t_e,4,median_range,-1.7291723608536813e-14
NH4t_e,4,median_midpoint,-0.30000000000000865
NH4t_e,4,std_range,5.2352922167644e-14
NH4t_e,4,frac_fixed,1.0
NH4t_e,4,frac_variable,0.0
NH4t_e,4,frac_bidirectional,0.0
NH4t_e,5,minimum,-0.3
NH4t_e,5,maximum,-0.2999999999997025
NH4t_e,5,mean_range,-1.8608130909163785e-14
NH4t_e,5,mean_midpoint,-0.3000000000000093
NH4t_e,5,median_range,-1.8235413179468196e-14
NH4t_e,5,median_midpoint,-0.30000000000000915
NH4t_e,5,std_range,1.1303046950306312e-13
NH4t_e,5,frac_fixed,1.0
NH4t_e,5,frac_variable,0.0
NH4t_e,5,frac_bidirectional,0.0
NH4t_e,6,minimum,-0.3
NH4t_e,6,maximum,0.0
NH4t_e,6,mean_range,0.26035174922544346
NH4t_e,6,mean_midpoint,-0.14516145672161107
NH4t_e,6,median_range,0.3
NH4t_e,6,median_midpoint,-0.15
NH4t_e,6,std_range,0.07992405922315947
NH4t_e,6,frac_fixed,0.018740629685157422
NH4t_e,6,frac_variable,0.9812593703148426
NH4t_e,6,frac_bidirectional,0.0
NH4t_e,7,minimum,-0.3
NH4t_e,7,maximum,0.0
NH4t_e,7,mean_range,0.18541362972311767
NH4t_e,7,mean_midpoint,-0.17605508990034588
NH4t_e,7,median_range,0.167809733905708
NH4t_e,7,median_midpoint,-0.1713417721519277
NH4t_e,7,std_range,0.09102740960895737
NH4t_e,7,frac_fixed,0.01904761904761905
NH4t_e,7,frac_variable,0.9809523809523809
NH4t_e,7,frac_bidirectional,0.0
NH4t_e,8,minimum,-0.3
NH4t_e,8,maximum,0.0
NH4t_e,8,mean_range,0.2368833785998177
NH4t_e,8,mean_midpoint,-0.14758061553280488
NH4t_e,8,median_range,0.3
NH4t_e,8,median_midpoint,-0.15
NH4t_e,8,std_range,0.09468562615441302
NH4t_e,8,frac_fixed,0.026022304832713755
NH4t_e,8,frac_variable,0.9739776951672863
NH4t_e,8,frac_bidirectional,0.0
NH4t_e,9,minimum,-0.3
NH4t_e,9,maximum,0.0
NH4t_e,9,mean_range,0.24208859076115538
NH4t_e,9,mean_midpoint,-0.14803232544456965
NH4t_e,9,median_range,0.3
NH4t_e,9,median_midpoint,-0.15
NH4t_e,9,std_range,0.09372504351098881
NH4t_e,9,frac_fixed,0.025540275049115914
NH4t_e,9,frac_variable,0.9744597249508841
NH4t_e,9,frac_bidirectional,0.0
