cluster,metric,value
1,cluster_mean_range,131.55673788398948
1,cluster_median_range,133.76233499579865
1,cluster_std_range,237.76777245322626
1,blocked_reactions_fraction,0.0365341890891138
1,fixed_flux_reactions_fraction,0.0017279684028634905
1,mandatory_variable_flux_reactions_fraction,0.003949642063687978
1,optional_variable_flux_reactions_fraction,0.9298938533695383
1,bidirectional_flux_reactions_fraction,0.027894347074796346
1,C_to_N_uptake_ratio,6.378227848101265
1,nitrogen_assimilation_ratio,0.0
1,carbon_assimilation_ratio,0.0
1,carbon_uptake_composition,0.5
1,nitrogen_uptake_composition,1.0
1,rubisco_carboxylation_fraction,0.9791659111611879
1,photons_per_rubisc_ratio,0.5042775223446343
1,rubisco_fraction_of_carbon_uptake,19.657925797736766
1,photons_per_nitrate_uptake,63.22769230769197
2,cluster_mean_range,110.72856940489025
2,cluster_median_range,100.09265145149486
2,cluster_std_range,229.8761868874623
2,blocked_reactions_fraction,0.0365341890891138
2,fixed_flux_reactions_fraction,0.0017279684028634905
2,mandatory_variable_flux_reactions_fraction,0.006171315724512466
2,optional_variable_flux_reactions_fraction,0.9289064428536163
2,bidirectional_flux_reactions_fraction,0.026413231300913356
2,C_to_N_uptake_ratio,18.398734177215186
2,nitrogen_assimilation_ratio,0.0
2,carbon_assimilation_ratio,0.0
2,carbon_uptake_composition,0.5
2,nitrogen_uptake_composition,1.0
2,rubisco_carboxylation_fraction,0.9914244626698533
2,photons_per_rubisc_ratio,0.7410985339367473
2,rubisco_fraction_of_carbon_uptake,6.422820482789456
2,photons_per_nitrate_uptake,87.57692307692311
3,cluster_mean_range,128.83730876581149
3,cluster_median_range,130.60047288603425
3,cluster_std_range,237.31407277068217
3,blocked_reactions_fraction,0.030116020735620835
3,fixed_flux_reactions_fraction,0.040730683781782274
3,mandatory_variable_flux_reactions_fraction,0.05035793631202172
3,optional_variable_flux_reactions_fraction,0.8494198963218959
3,bidirectional_flux_reactions_fraction,0.029128610219698838
3,C_to_N_uptake_ratio,2.9219698565926224
3,nitrogen_assimilation_ratio,0.023682590135568768
3,carbon_assimilation_ratio,0.012462766112249715
3,carbon_uptake_composition,0.5
3,nitrogen_uptake_composition,1.0
3,rubisco_carboxylation_fraction,0.9851205421757794
3,photons_per_rubisc_ratio,0.5759846954484188
3,rubisco_fraction_of_carbon_uptake,35.42446030641206
3,photons_per_nitrate_uptake,59.61971803403504
4,cluster_mean_range,117.84548330509433
4,cluster_median_range,118.10514895131405
4,cluster_std_range,233.9399739547327
4,blocked_reactions_fraction,0.030116020735620835
4,fixed_flux_reactions_fraction,0.04097753641076277
4,mandatory_variable_flux_reactions_fraction,0.05159219945692422
4,optional_variable_flux_reactions_fraction,0.8486793384349544
4,bidirectional_flux_reactions_fraction,0.028388052332757343
4,C_to_N_uptake_ratio,5.5332763558057225
4,nitrogen_assimilation_ratio,0.044847251160281314
4,carbon_assimilation_ratio,0.012462766112249715
4,carbon_uptake_composition,0.5
4,nitrogen_uptake_composition,1.0
4,rubisco_carboxylation_fraction,0.9972492572551221
4,photons_per_rubisc_ratio,0.8510935292365653
4,rubisco_fraction_of_carbon_uptake,14.42702219769394
4,photons_per_nitrate_uptake,67.94169070776063
5,cluster_mean_range,105.39384992230343
5,cluster_median_range,100.6805144408823
5,cluster_std_range,227.55921349555658
5,blocked_reactions_fraction,0.0
5,fixed_flux_reactions_fraction,0.03233769439644532
5,mandatory_variable_flux_reactions_fraction,0.06196000987410516
5,optional_variable_flux_reactions_fraction,0.8783016539126142
5,bidirectional_flux_reactions_fraction,0.026906936558874352
5,C_to_N_uptake_ratio,8.250755365388034
5,nitrogen_assimilation_ratio,0.042296896630388575
5,carbon_assimilation_ratio,0.007882714014450336
5,carbon_uptake_composition,0.5
5,nitrogen_uptake_composition,1.0
5,rubisco_carboxylation_fraction,0.999945928092182
5,photons_per_rubisc_ratio,0.9730722416691857
5,rubisco_fraction_of_carbon_uptake,9.100749860755233
5,photons_per_nitrate_uptake,73.06610758947222
6,cluster_mean_range,109.90240323546189
6,cluster_median_range,101.19381678178502
6,cluster_std_range,229.77565649671476
6,blocked_reactions_fraction,0.0
6,fixed_flux_reactions_fraction,0.03233769439644532
6,mandatory_variable_flux_reactions_fraction,0.05998518884226117
6,optional_variable_flux_reactions_fraction,0.8785485065415947
6,bidirectional_flux_reactions_fraction,0.028388052332757343
6,C_to_N_uptake_ratio,11.400133474635437
6,nitrogen_assimilation_ratio,0.03127263689443183
6,carbon_assimilation_ratio,0.004218087100378907
6,carbon_uptake_composition,0.5
6,nitrogen_uptake_composition,1.0
6,rubisco_carboxylation_fraction,0.9983243891059975
6,photons_per_rubisc_ratio,0.8640862866114313
6,rubisco_fraction_of_carbon_uptake,7.946109870145777
6,photons_per_nitrate_uptake,78.274736559462
7,cluster_mean_range,118.68985304344301
7,cluster_median_range,124.89356627793477
7,cluster_std_range,234.26550243459727
7,blocked_reactions_fraction,0.0
7,fixed_flux_reactions_fraction,0.03233769439644532
7,mandatory_variable_flux_reactions_fraction,0.059491483584300175
7,optional_variable_flux_reactions_fraction,0.8785485065415947
7,bidirectional_flux_reactions_fraction,0.02888175759071834
7,C_to_N_uptake_ratio,6.520474331088609
7,nitrogen_assimilation_ratio,0.041168136467328316
7,carbon_assimilation_ratio,0.009708295707221298
7,carbon_uptake_composition,0.5
7,nitrogen_uptake_composition,1.0
7,rubisco_carboxylation_fraction,0.9956503167221558
7,photons_per_rubisc_ratio,0.8310205776501011
7,rubisco_fraction_of_carbon_uptake,12.7627851630104
7,photons_per_nitrate_uptake,69.15704470335646
8,cluster_mean_range,127.27988966013348
8,cluster_median_range,130.10642601011037
8,cluster_std_range,236.63663052495463
8,blocked_reactions_fraction,0.0
8,fixed_flux_reactions_fraction,0.03209084176746482
8,mandatory_variable_flux_reactions_fraction,0.057022957294495184
8,optional_variable_flux_reactions_fraction,0.8792890644285362
8,bidirectional_flux_reactions_fraction,0.030609725993581832
8,C_to_N_uptake_ratio,6.11085053219916
8,nitrogen_assimilation_ratio,0.01736185776373713
8,carbon_assimilation_ratio,0.004368733068249584
8,carbon_uptake_composition,0.5
8,nitrogen_uptake_composition,1.0
8,rubisco_carboxylation_fraction,0.9845998481446774
8,photons_per_rubisc_ratio,0.6174716503608009
8,rubisco_fraction_of_carbon_uptake,17.588887005228194
8,photons_per_nitrate_uptake,66.36774214559851
9,cluster_mean_range,113.84122953958969
9,cluster_median_range,105.85584434005645
9,cluster_std_range,231.57359633445353
9,blocked_reactions_fraction,0.0
9,fixed_flux_reactions_fraction,0.03209084176746482
9,mandatory_variable_flux_reactions_fraction,0.05875092569735868
9,optional_variable_flux_reactions_fraction,0.8790422117995557
9,bidirectional_flux_reactions_fraction,0.02937546284867934
9,C_to_N_uptake_ratio,13.746344971446458
9,nitrogen_assimilation_ratio,0.012805069262331046
9,carbon_assimilation_ratio,0.0014323714977867489
9,carbon_uptake_composition,0.5
9,nitrogen_uptake_composition,1.0
9,rubisco_carboxylation_fraction,0.9926710267990099
9,photons_per_rubisc_ratio,0.7676064818682321
9,rubisco_fraction_of_carbon_uptake,7.79454428890938
9,photons_per_nitrate_uptake,82.2463438339387
10,cluster_mean_range,101.71115838033877
10,cluster_median_range,93.58911268280562
10,cluster_std_range,225.60135618265812
10,blocked_reactions_fraction,0.1478647247593187
10,fixed_flux_reactions_fraction,0.06368797827696865
10,mandatory_variable_flux_reactions_fraction,0.030116020735620835
10,optional_variable_flux_reactions_fraction,0.7319180449271785
10,bidirectional_flux_reactions_fraction,0.02517896815601086
10,C_to_N_uptake_ratio,13.38258723313962
10,nitrogen_assimilation_ratio,0.02899503056857667
10,carbon_assimilation_ratio,0.0033315356521093843
10,carbon_uptake_composition,0.5
10,nitrogen_uptake_composition,1.0
10,rubisco_carboxylation_fraction,1.0
10,photons_per_rubisc_ratio,0.9465160282551314
10,rubisco_fraction_of_carbon_uptake,6.439677599334127
10,photons_per_nitrate_uptake,81.57032275754258
11,cluster_mean_range,94.1238609753141
11,cluster_median_range,92.30643008158658
11,cluster_std_range,221.5674787311265
11,blocked_reactions_fraction,0.33251049123673165
11,fixed_flux_reactions_fraction,0.006418168353492965
11,mandatory_variable_flux_reactions_fraction,0.0029622315477659837
11,optional_variable_flux_reactions_fraction,0.638114045914589
11,bidirectional_flux_reactions_fraction,0.01999506294742039
11,C_to_N_uptake_ratio,24.53164556962025
11,nitrogen_assimilation_ratio,0.0
11,carbon_assimilation_ratio,0.0
11,carbon_uptake_composition,0.5
11,nitrogen_uptake_composition,1.0
11,rubisco_carboxylation_fraction,1.0
11,photons_per_rubisc_ratio,0.9038109080493401
11,rubisco_fraction_of_carbon_uptake,4.510199371081673
11,photons_per_nitrate_uptake,100.00000000000003
12,cluster_mean_range,137.5385558106255
12,cluster_median_range,152.3110400346949
12,cluster_std_range,239.9808605076965
12,blocked_reactions_fraction,0.16835349296470006
12,fixed_flux_reactions_fraction,0.00024685262898049864
12,mandatory_variable_flux_reactions_fraction,0.002221673660824488
12,optional_variable_flux_reactions_fraction,0.803999012589484
12,bidirectional_flux_reactions_fraction,0.02517896815601086
12,C_to_N_uptake_ratio,0.0
12,nitrogen_assimilation_ratio,0.0
12,carbon_assimilation_ratio,
12,carbon_uptake_composition,
12,nitrogen_uptake_composition,1.0
12,rubisco_carboxylation_fraction,0.9769566593974683
12,photons_per_rubisc_ratio,0.3869615759947489
12,rubisco_fraction_of_carbon_uptake,
12,photons_per_nitrate_uptake,50.307692307692164
